graph_id,node_id,node_label
1,0,0
1,1,5
1,2,6
1,3,1
1,4,7
1,5,2
1,6,9
1,7,4
1,8,8
1,9,3
2,0,2
2,1,1
2,2,6
2,3,4
2,4,7
2,5,8
2,6,5
2,7,0
2,8,3
2,9,9
3,0,6
3,1,5
3,2,4
3,3,7
3,4,3
3,5,9
3,6,2
3,7,0
3,8,8
3,9,1
4,0,4
4,1,0
4,2,3
4,3,1
4,4,5
4,5,6
4,6,9
4,7,7
4,8,2
4,9,8
5,0,1
5,1,2
5,2,6
5,3,3
5,4,9
5,5,8
5,6,4
5,7,5
5,8,0
5,9,7
6,0,9
6,1,4
6,2,5
6,3,1
6,4,6
6,5,0
6,6,3
6,7,2
6,8,7
6,9,8
7,0,1
7,1,4
7,2,9
7,3,2
7,4,5
7,5,3
7,6,6
7,7,7
7,8,0
7,9,8
8,0,8
8,1,2
8,2,9
8,3,1
8,4,5
8,5,4
8,6,3
8,7,7
8,8,6
8,9,0
9,0,4
9,1,9
9,2,1
9,3,5
9,4,6
9,5,7
9,6,3
9,7,0
9,8,8
9,9,2
10,0,4
10,1,1
10,2,5
10,3,6
10,4,9
10,5,3
10,6,7
10,7,0
10,8,2
10,9,8
11,0,7
11,1,5
11,2,3
11,3,6
11,4,9
11,5,2
11,6,1
11,7,0
11,8,8
11,9,4
12,0,9
12,1,3
12,2,4
12,3,5
12,4,0
12,5,1
12,6,2
12,7,6
12,8,7
12,9,8
13,0,4
13,1,3
13,2,9
13,3,5
13,4,6
13,5,1
13,6,7
13,7,0
13,8,8
13,9,2
14,0,9
14,1,1
14,2,4
14,3,5
14,4,3
14,5,2
14,6,6
14,7,7
14,8,0
14,9,8
15,0,7
15,1,6
15,2,0
15,3,9
15,4,8
15,5,5
15,6,1
15,7,3
15,8,4
15,9,2
16,0,3
16,1,2
16,2,4
16,3,5
16,4,9
16,5,6
16,6,7
16,7,1
16,8,0
16,9,8
17,0,4
17,1,5
17,2,9
17,3,0
17,4,6
17,5,2
17,6,1
17,7,7
17,8,3
17,9,8
18,0,0
18,1,5
18,2,7
18,3,1
18,4,3
18,5,2
18,6,8
18,7,9
18,8,4
18,9,6
19,0,4
19,1,9
19,2,2
19,3,3
19,4,0
19,5,5
19,6,6
19,7,7
19,8,1
19,9,8
20,0,0
20,1,9
20,2,4
20,3,8
20,4,7
20,5,3
20,6,6
20,7,1
20,8,2
20,9,5
21,0,0
21,1,6
21,2,8
21,3,4
21,4,5
21,5,7
21,6,3
21,7,1
21,8,2
21,9,9
22,0,0
22,1,4
22,2,1
22,3,5
22,4,6
22,5,7
22,6,8
22,7,2
22,8,3
22,9,9
23,0,3
23,1,7
23,2,4
23,3,6
23,4,8
23,5,2
23,6,9
23,7,1
23,8,5
23,9,0
24,0,4
24,1,7
24,2,9
24,3,8
24,4,2
24,5,0
24,6,1
24,7,3
24,8,6
24,9,5
25,0,3
25,1,8
25,2,2
25,3,6
25,4,1
25,5,7
25,6,9
25,7,0
25,8,5
25,9,4
26,0,7
26,1,3
26,2,4
26,3,2
26,4,6
26,5,5
26,6,9
26,7,1
26,8,8
26,9,0
27,0,1
27,1,9
27,2,8
27,3,0
27,4,7
27,5,4
27,6,6
27,7,2
27,8,3
27,9,5
28,0,3
28,1,9
28,2,2
28,3,0
28,4,4
28,5,5
28,6,6
28,7,7
28,8,8
28,9,1
29,0,4
29,1,5
29,2,3
29,3,9
29,4,6
29,5,7
29,6,0
29,7,1
29,8,2
29,9,8
30,0,0
30,1,2
30,2,5
30,3,4
30,4,1
30,5,3
30,6,9
30,7,8
30,8,6
30,9,7
31,0,9
31,1,5
31,2,6
31,3,7
31,4,2
31,5,4
31,6,3
31,7,1
31,8,0
31,9,8
32,0,9
32,1,5
32,2,2
32,3,6
32,4,7
32,5,4
32,6,1
32,7,8
32,8,0
32,9,3
33,0,5
33,1,6
33,2,3
33,3,4
33,4,7
33,5,1
33,6,2
33,7,9
33,8,8
33,9,0
34,0,4
34,1,3
34,2,2
34,3,7
34,4,1
34,5,5
34,6,6
34,7,9
34,8,0
34,9,8
35,0,5
35,1,2
35,2,0
35,3,9
35,4,1
35,5,6
35,6,4
35,7,7
35,8,8
35,9,3
36,0,0
36,1,6
36,2,7
36,3,5
36,4,1
36,5,3
36,6,2
36,7,8
36,8,4
36,9,9
37,0,6
37,1,1
37,2,4
37,3,2
37,4,5
37,5,7
37,6,8
37,7,3
37,8,0
37,9,9
38,0,3
38,1,4
38,2,5
38,3,6
38,4,7
38,5,1
38,6,9
38,7,2
38,8,0
38,9,8
39,0,5
39,1,1
39,2,2
39,3,0
39,4,8
39,5,7
39,6,9
39,7,4
39,8,3
39,9,6
40,0,5
40,1,6
40,2,1
40,3,9
40,4,4
40,5,0
40,6,7
40,7,8
40,8,2
40,9,3
41,0,4
41,1,2
41,2,5
41,3,6
41,4,9
41,5,7
41,6,3
41,7,1
41,8,8
41,9,0
42,0,2
42,1,5
42,2,6
42,3,7
42,4,4
42,5,3
42,6,0
42,7,9
42,8,8
42,9,1
43,0,0
43,1,4
43,2,3
43,3,1
43,4,8
43,5,7
43,6,2
43,7,6
43,8,9
43,9,5
44,0,3
44,1,2
44,2,8
44,3,5
44,4,7
44,5,4
44,6,0
44,7,9
44,8,6
44,9,1
45,0,0
45,1,5
45,2,6
45,3,2
45,4,1
45,5,9
45,6,4
45,7,3
45,8,7
45,9,8
46,0,8
46,1,7
46,2,2
46,3,6
46,4,1
46,5,9
46,6,4
46,7,3
46,8,5
46,9,0
47,0,5
47,1,2
47,2,6
47,3,1
47,4,7
47,5,8
47,6,4
47,7,9
47,8,3
47,9,0
48,0,4
48,1,0
48,2,5
48,3,6
48,4,1
48,5,7
48,6,8
48,7,9
48,8,3
48,9,2
49,0,2
49,1,8
49,2,9
49,3,0
49,4,7
49,5,5
49,6,4
49,7,6
49,8,1
49,9,3
50,0,9
50,1,5
50,2,1
50,3,2
50,4,4
50,5,0
50,6,6
50,7,7
50,8,8
50,9,3
51,0,6
51,1,5
51,2,2
51,3,3
51,4,0
51,5,7
51,6,8
51,7,9
51,8,1
51,9,4
52,0,2
52,1,4
52,2,3
52,3,6
52,4,0
52,5,1
52,6,5
52,7,8
52,8,7
52,9,9
53,0,6
53,1,1
53,2,9
53,3,4
53,4,2
53,5,3
53,6,0
53,7,5
53,8,7
53,9,8
54,0,2
54,1,6
54,2,1
54,3,0
54,4,4
54,5,5
54,6,7
54,7,8
54,8,3
54,9,9
55,0,8
55,1,3
55,2,5
55,3,1
55,4,0
55,5,6
55,6,7
55,7,2
55,8,9
55,9,4
56,0,5
56,1,4
56,2,2
56,3,3
56,4,1
56,5,0
56,6,9
56,7,6
56,8,7
56,9,8
57,0,4
57,1,5
57,2,1
57,3,9
57,4,6
57,5,0
57,6,7
57,7,8
57,8,3
57,9,2
58,0,4
58,1,9
58,2,2
58,3,0
58,4,5
58,5,6
58,6,7
58,7,8
58,8,1
58,9,3
59,0,3
59,1,6
59,2,9
59,3,0
59,4,5
59,5,1
59,6,2
59,7,4
59,8,8
59,9,7
60,0,4
60,1,5
60,2,6
60,3,7
60,4,3
60,5,2
60,6,1
60,7,8
60,8,9
60,9,0
61,0,4
61,1,2
61,2,6
61,3,8
61,4,7
61,5,5
61,6,3
61,7,1
61,8,0
61,9,9
62,0,3
62,1,5
62,2,6
62,3,4
62,4,7
62,5,1
62,6,8
62,7,2
62,8,0
62,9,9
63,0,4
63,1,8
63,2,1
63,3,7
63,4,9
63,5,0
63,6,3
63,7,2
63,8,6
63,9,5
64,0,7
64,1,2
64,2,3
64,3,9
64,4,1
64,5,5
64,6,6
64,7,0
64,8,4
64,9,8
65,0,6
65,1,7
65,2,0
65,3,8
65,4,5
65,5,9
65,6,2
65,7,3
65,8,1
65,9,4
66,0,4
66,1,5
66,2,9
66,3,0
66,4,1
66,5,6
66,6,7
66,7,2
66,8,8
66,9,3
67,0,9
67,1,4
67,2,5
67,3,1
67,4,6
67,5,7
67,6,3
67,7,2
67,8,0
67,9,8
68,0,0
68,1,6
68,2,8
68,3,3
68,4,1
68,5,2
68,6,9
68,7,7
68,8,5
68,9,4
69,0,0
69,1,5
69,2,1
69,3,2
69,4,6
69,5,7
69,6,3
69,7,9
69,8,8
69,9,4
70,0,5
70,1,4
70,2,3
70,3,6
70,4,9
70,5,2
70,6,1
70,7,7
70,8,8
70,9,0
71,0,2
71,1,3
71,2,9
71,3,4
71,4,5
71,5,6
71,6,7
71,7,0
71,8,8
71,9,1
72,0,1
72,1,5
72,2,4
72,3,0
72,4,3
72,5,6
72,6,2
72,7,9
72,8,8
72,9,7
73,0,5
73,1,3
73,2,1
73,3,4
73,4,6
73,5,8
73,6,0
73,7,7
73,8,2
73,9,9
74,0,1
74,1,4
74,2,2
74,3,3
74,4,5
74,5,6
74,6,7
74,7,0
74,8,8
74,9,9
75,0,9
75,1,5
75,2,4
75,3,6
75,4,3
75,5,7
75,6,1
75,7,2
75,8,8
75,9,0
76,0,4
76,1,1
76,2,0
76,3,5
76,4,9
76,5,8
76,6,3
76,7,7
76,8,2
76,9,6
77,0,6
77,1,3
77,2,9
77,3,8
77,4,1
77,5,2
77,6,0
77,7,5
77,8,4
77,9,7
78,0,1
78,1,3
78,2,0
78,3,9
78,4,6
78,5,4
78,6,8
78,7,2
78,8,7
78,9,5
79,0,0
79,1,8
79,2,7
79,3,6
79,4,4
79,5,2
79,6,3
79,7,1
79,8,5
79,9,9
80,0,0
80,1,3
80,2,4
80,3,1
80,4,5
80,5,6
80,6,7
80,7,8
80,8,2
80,9,9
81,0,7
81,1,2
81,2,1
81,3,6
81,4,5
81,5,8
81,6,3
81,7,0
81,8,4
81,9,9
82,0,5
82,1,6
82,2,3
82,3,1
82,4,7
82,5,0
82,6,2
82,7,9
82,8,8
82,9,4
83,0,3
83,1,9
83,2,1
83,3,2
83,4,6
83,5,7
83,6,5
83,7,4
83,8,8
83,9,0
84,0,0
84,1,5
84,2,6
84,3,7
84,4,8
84,5,9
84,6,1
84,7,3
84,8,2
84,9,4
85,0,0
85,1,5
85,2,1
85,3,9
85,4,6
85,5,3
85,6,8
85,7,7
85,8,4
85,9,2
86,0,7
86,1,8
86,2,3
86,3,4
86,4,5
86,5,6
86,6,2
86,7,9
86,8,0
86,9,1
87,0,2
87,1,4
87,2,5
87,3,6
87,4,1
87,5,7
87,6,9
87,7,8
87,8,3
87,9,0
88,0,1
88,1,0
88,2,4
88,3,2
88,4,6
88,5,9
88,6,3
88,7,5
88,8,7
88,9,8
89,0,2
89,1,8
89,2,6
89,3,5
89,4,0
89,5,3
89,6,7
89,7,1
89,8,9
89,9,4
90,0,1
90,1,3
90,2,7
90,3,0
90,4,5
90,5,9
90,6,2
90,7,4
90,8,8
90,9,6
91,0,9
91,1,2
91,2,4
91,3,5
91,4,1
91,5,6
91,6,7
91,7,8
91,8,3
91,9,0
92,0,5
92,1,6
92,2,0
92,3,7
92,4,4
92,5,3
92,6,1
92,7,8
92,8,9
92,9,2
93,0,0
93,1,8
93,2,6
93,3,1
93,4,3
93,5,7
93,6,5
93,7,2
93,8,9
93,9,4
94,0,9
94,1,4
94,2,3
94,3,1
94,4,0
94,5,7
94,6,8
94,7,5
94,8,6
94,9,2
95,0,5
95,1,4
95,2,2
95,3,3
95,4,6
95,5,7
95,6,8
95,7,0
95,8,9
95,9,1
96,0,9
96,1,3
96,2,4
96,3,0
96,4,5
96,5,6
96,6,7
96,7,8
96,8,1
96,9,2
97,0,1
97,1,8
97,2,7
97,3,9
97,4,6
97,5,5
97,6,4
97,7,3
97,8,2
97,9,0
98,0,5
98,1,1
98,2,9
98,3,6
98,4,0
98,5,3
98,6,7
98,7,8
98,8,2
98,9,4
99,0,3
99,1,1
99,2,4
99,3,9
99,4,5
99,5,6
99,6,2
99,7,7
99,8,8
99,9,0
100,0,4
100,1,5
100,2,6
100,3,2
100,4,1
100,5,7
100,6,0
100,7,8
100,8,9
100,9,3
101,0,3
101,1,2
101,2,9
101,3,0
101,4,8
101,5,5
101,6,1
101,7,4
101,8,7
101,9,6
102,0,2
102,1,6
102,2,9
102,3,0
102,4,1
102,5,5
102,6,7
102,7,4
102,8,3
102,9,8
103,0,6
103,1,8
103,2,2
103,3,1
103,4,7
103,5,0
103,6,5
103,7,4
103,8,3
103,9,9
104,0,4
104,1,0
104,2,5
104,3,1
104,4,2
104,5,6
104,6,7
104,7,8
104,8,3
104,9,9
105,0,4
105,1,1
105,2,3
105,3,9
105,4,5
105,5,6
105,6,7
105,7,8
105,8,2
105,9,0
106,0,4
106,1,2
106,2,5
106,3,1
106,4,3
106,5,6
106,6,7
106,7,9
106,8,0
106,9,8
107,0,2
107,1,5
107,2,0
107,3,6
107,4,3
107,5,9
107,6,7
107,7,8
107,8,1
107,9,4
108,0,5
108,1,8
108,2,3
108,3,2
108,4,1
108,5,9
108,6,4
108,7,6
108,8,0
108,9,7
109,0,0
109,1,6
109,2,9
109,3,2
109,4,4
109,5,1
109,6,8
109,7,3
109,8,5
109,9,7
110,0,9
110,1,3
110,2,1
110,3,5
110,4,6
110,5,2
110,6,7
110,7,8
110,8,4
110,9,0
111,0,0
111,1,6
111,2,2
111,3,7
111,4,4
111,5,8
111,6,1
111,7,9
111,8,5
111,9,3
112,0,8
112,1,2
112,2,9
112,3,6
112,4,7
112,5,3
112,6,4
112,7,0
112,8,1
112,9,5
113,0,7
113,1,2
113,2,4
113,3,8
113,4,5
113,5,6
113,6,1
113,7,3
113,8,9
113,9,0
114,0,2
114,1,9
114,2,4
114,3,5
114,4,1
114,5,6
114,6,0
114,7,7
114,8,3
114,9,8
115,0,5
115,1,2
115,2,0
115,3,1
115,4,3
115,5,6
115,6,7
115,7,4
115,8,9
115,9,8
116,0,2
116,1,0
116,2,5
116,3,6
116,4,3
116,5,9
116,6,7
116,7,4
116,8,8
116,9,1
117,0,7
117,1,1
117,2,5
117,3,6
117,4,8
117,5,9
117,6,2
117,7,4
117,8,3
117,9,0
118,0,0
118,1,4
118,2,3
118,3,1
118,4,5
118,5,9
118,6,8
118,7,7
118,8,2
118,9,6
119,0,5
119,1,1
119,2,8
119,3,0
119,4,6
119,5,4
119,6,3
119,7,7
119,8,2
119,9,9
120,0,4
120,1,9
120,2,6
120,3,3
120,4,8
120,5,2
120,6,0
120,7,7
120,8,5
120,9,1
121,0,6
121,1,7
121,2,8
121,3,0
121,4,2
121,5,3
121,6,5
121,7,1
121,8,9
121,9,4
122,0,7
122,1,5
122,2,8
122,3,6
122,4,9
122,5,1
122,6,3
122,7,0
122,8,2
122,9,4
123,0,4
123,1,1
123,2,0
123,3,5
123,4,3
123,5,2
123,6,6
123,7,7
123,8,9
123,9,8
124,0,1
124,1,4
124,2,2
124,3,9
124,4,3
124,5,5
124,6,0
124,7,6
124,8,7
124,9,8
125,0,1
125,1,5
125,2,9
125,3,3
125,4,7
125,5,0
125,6,6
125,7,8
125,8,2
125,9,4
126,0,3
126,1,2
126,2,5
126,3,0
126,4,7
126,5,6
126,6,8
126,7,9
126,8,1
126,9,4
127,0,2
127,1,6
127,2,9
127,3,4
127,4,3
127,5,1
127,6,8
127,7,5
127,8,0
127,9,7
128,0,0
128,1,4
128,2,2
128,3,7
128,4,3
128,5,8
128,6,1
128,7,6
128,8,9
128,9,5
129,0,4
129,1,5
129,2,8
129,3,9
129,4,0
129,5,7
129,6,3
129,7,6
129,8,1
129,9,2
130,0,5
130,1,1
130,2,0
130,3,4
130,4,9
130,5,6
130,6,7
130,7,2
130,8,3
130,9,8
131,0,5
131,1,0
131,2,1
131,3,2
131,4,4
131,5,3
131,6,8
131,7,7
131,8,6
131,9,9
132,0,1
132,1,8
132,2,6
132,3,3
132,4,4
132,5,2
132,6,0
132,7,7
132,8,9
132,9,5
133,0,4
133,1,5
133,2,2
133,3,3
133,4,1
133,5,0
133,6,6
133,7,7
133,8,8
133,9,9
134,0,6
134,1,7
134,2,3
134,3,8
134,4,2
134,5,9
134,6,4
134,7,0
134,8,1
134,9,5
135,0,7
135,1,4
135,2,0
135,3,9
135,4,6
135,5,8
135,6,2
135,7,3
135,8,1
135,9,5
136,0,4
136,1,8
136,2,3
136,3,7
136,4,9
136,5,2
136,6,6
136,7,0
136,8,1
136,9,5
137,0,8
137,1,7
137,2,5
137,3,6
137,4,9
137,5,0
137,6,1
137,7,4
137,8,3
137,9,2
138,0,5
138,1,9
138,2,3
138,3,1
138,4,2
138,5,6
138,6,4
138,7,7
138,8,8
138,9,0
139,0,6
139,1,9
139,2,0
139,3,5
139,4,7
139,5,3
139,6,1
139,7,4
139,8,8
139,9,2
140,0,7
140,1,0
140,2,4
140,3,2
140,4,8
140,5,1
140,6,9
140,7,6
140,8,5
140,9,3
141,0,5
141,1,1
141,2,3
141,3,4
141,4,6
141,5,0
141,6,2
141,7,7
141,8,9
141,9,8
142,0,7
142,1,0
142,2,5
142,3,6
142,4,1
142,5,9
142,6,8
142,7,2
142,8,4
142,9,3
143,0,5
143,1,1
143,2,6
143,3,9
143,4,7
143,5,8
143,6,4
143,7,2
143,8,3
143,9,0
144,0,5
144,1,0
144,2,6
144,3,7
144,4,8
144,5,2
144,6,9
144,7,1
144,8,3
144,9,4
145,0,5
145,1,9
145,2,4
145,3,6
145,4,0
145,5,7
145,6,1
145,7,3
145,8,8
145,9,2
146,0,5
146,1,6
146,2,7
146,3,0
146,4,3
146,5,1
146,6,2
146,7,8
146,8,9
146,9,4
147,0,0
147,1,4
147,2,5
147,3,1
147,4,6
147,5,3
147,6,7
147,7,8
147,8,9
147,9,2
148,0,7
148,1,4
148,2,6
148,3,3
148,4,0
148,5,2
148,6,5
148,7,1
148,8,9
148,9,8
149,0,2
149,1,6
149,2,5
149,3,7
149,4,1
149,5,3
149,6,9
149,7,0
149,8,8
149,9,4
150,0,2
150,1,4
150,2,5
150,3,1
150,4,6
150,5,9
150,6,7
150,7,8
150,8,0
150,9,3
151,0,4
151,1,0
151,2,2
151,3,5
151,4,7
151,5,3
151,6,9
151,7,8
151,8,6
151,9,1
152,0,1
152,1,2
152,2,5
152,3,0
152,4,3
152,5,6
152,6,7
152,7,4
152,8,8
152,9,9
153,0,6
153,1,5
153,2,3
153,3,2
153,4,8
153,5,0
153,6,1
153,7,4
153,8,9
153,9,7
154,0,9
154,1,5
154,2,6
154,3,4
154,4,0
154,5,7
154,6,1
154,7,8
154,8,3
154,9,2
155,0,0
155,1,4
155,2,5
155,3,3
155,4,1
155,5,6
155,6,7
155,7,8
155,8,9
155,9,2
156,0,0
156,1,3
156,2,4
156,3,1
156,4,7
156,5,6
156,6,2
156,7,5
156,8,8
156,9,9
157,0,8
157,1,9
157,2,1
157,3,7
157,4,0
157,5,2
157,6,4
157,7,3
157,8,6
157,9,5
158,0,4
158,1,1
158,2,9
158,3,3
158,4,7
158,5,2
158,6,6
158,7,0
158,8,8
158,9,5
159,0,0
159,1,5
159,2,4
159,3,6
159,4,9
159,5,3
159,6,2
159,7,8
159,8,1
159,9,7
160,0,5
160,1,1
160,2,6
160,3,2
160,4,7
160,5,0
160,6,3
160,7,8
160,8,4
160,9,9
161,0,4
161,1,5
161,2,1
161,3,2
161,4,6
161,5,3
161,6,9
161,7,7
161,8,0
161,9,8
162,0,6
162,1,3
162,2,7
162,3,9
162,4,2
162,5,5
162,6,1
162,7,8
162,8,4
162,9,0
163,0,4
163,1,5
163,2,1
163,3,6
163,4,3
163,5,0
163,6,9
163,7,7
163,8,2
163,9,8
164,0,3
164,1,6
164,2,7
164,3,0
164,4,9
164,5,2
164,6,8
164,7,5
164,8,1
164,9,4
165,0,3
165,1,2
165,2,8
165,3,9
165,4,0
165,5,4
165,6,1
165,7,6
165,8,5
165,9,7
166,0,5
166,1,8
166,2,2
166,3,1
166,4,6
166,5,4
166,6,3
166,7,7
166,8,9
166,9,0
167,0,5
167,1,8
167,2,7
167,3,2
167,4,0
167,5,1
167,6,4
167,7,6
167,8,9
167,9,3
168,0,1
168,1,5
168,2,0
168,3,3
168,4,4
168,5,6
168,6,2
168,7,7
168,8,9
168,9,8
169,0,6
169,1,8
169,2,1
169,3,5
169,4,4
169,5,7
169,6,2
169,7,9
169,8,3
169,9,0
170,0,7
170,1,3
170,2,9
170,3,8
170,4,1
170,5,0
170,6,5
170,7,2
170,8,4
170,9,6
171,0,5
171,1,6
171,2,2
171,3,8
171,4,7
171,5,0
171,6,9
171,7,1
171,8,4
171,9,3
172,0,5
172,1,6
172,2,0
172,3,7
172,4,2
172,5,4
172,6,9
172,7,8
172,8,3
172,9,1
173,0,8
173,1,7
173,2,9
173,3,4
173,4,1
173,5,5
173,6,6
173,7,2
173,8,0
173,9,3
174,0,5
174,1,3
174,2,2
174,3,0
174,4,6
174,5,9
174,6,7
174,7,8
174,8,1
174,9,4
175,0,6
175,1,0
175,2,9
175,3,8
175,4,3
175,5,4
175,6,5
175,7,7
175,8,1
175,9,2
176,0,1
176,1,6
176,2,3
176,3,5
176,4,4
176,5,0
176,6,8
176,7,7
176,8,2
176,9,9
177,0,1
177,1,6
177,2,0
177,3,9
177,4,8
177,5,7
177,6,3
177,7,2
177,8,4
177,9,5
178,0,2
178,1,3
178,2,7
178,3,0
178,4,1
178,5,8
178,6,4
178,7,9
178,8,6
178,9,5
179,0,8
179,1,4
179,2,7
179,3,6
179,4,1
179,5,3
179,6,9
179,7,5
179,8,2
179,9,0
180,0,0
180,1,7
180,2,9
180,3,5
180,4,4
180,5,1
180,6,6
180,7,3
180,8,8
180,9,2
181,0,5
181,1,3
181,2,2
181,3,6
181,4,9
181,5,4
181,6,7
181,7,8
181,8,0
181,9,1
182,0,5
182,1,1
182,2,6
182,3,4
182,4,2
182,5,7
182,6,0
182,7,8
182,8,3
182,9,9
183,0,9
183,1,2
183,2,3
183,3,4
183,4,5
183,5,0
183,6,6
183,7,7
183,8,8
183,9,1
184,0,3
184,1,4
184,2,8
184,3,1
184,4,7
184,5,0
184,6,5
184,7,6
184,8,2
184,9,9
185,0,0
185,1,5
185,2,9
185,3,3
185,4,8
185,5,4
185,6,1
185,7,7
185,8,2
185,9,6
186,0,6
186,1,2
186,2,7
186,3,4
186,4,9
186,5,8
186,6,3
186,7,1
186,8,5
186,9,0
187,0,7
187,1,3
187,2,5
187,3,2
187,4,6
187,5,9
187,6,4
187,7,8
187,8,0
187,9,1
188,0,1
188,1,0
188,2,5
188,3,3
188,4,6
188,5,2
188,6,7
188,7,9
188,8,4
188,9,8
189,0,5
189,1,4
189,2,7
189,3,6
189,4,1
189,5,2
189,6,9
189,7,0
189,8,8
189,9,3
190,0,4
190,1,2
190,2,7
190,3,9
190,4,8
190,5,5
190,6,0
190,7,1
190,8,3
190,9,6
191,0,9
191,1,4
191,2,3
191,3,5
191,4,6
191,5,7
191,6,8
191,7,0
191,8,1
191,9,2
192,0,5
192,1,6
192,2,7
192,3,8
192,4,2
192,5,9
192,6,4
192,7,1
192,8,3
192,9,0
193,0,4
193,1,0
193,2,5
193,3,6
193,4,7
193,5,1
193,6,8
193,7,9
193,8,2
193,9,3
194,0,5
194,1,8
194,2,4
194,3,7
194,4,0
194,5,6
194,6,1
194,7,2
194,8,9
194,9,3
195,0,3
195,1,2
195,2,0
195,3,6
195,4,7
195,5,4
195,6,1
195,7,9
195,8,5
195,9,8
196,0,8
196,1,4
196,2,3
196,3,9
196,4,1
196,5,7
196,6,6
196,7,2
196,8,5
196,9,0
197,0,7
197,1,3
197,2,8
197,3,0
197,4,4
197,5,9
197,6,1
197,7,2
197,8,6
197,9,5
198,0,0
198,1,6
198,2,2
198,3,3
198,4,1
198,5,4
198,6,8
198,7,9
198,8,5
198,9,7
199,0,0
199,1,1
199,2,7
199,3,6
199,4,4
199,5,5
199,6,3
199,7,8
199,8,9
199,9,2
200,0,4
200,1,5
200,2,6
200,3,1
200,4,7
200,5,8
200,6,3
200,7,0
200,8,2
200,9,9
201,0,7
201,1,5
201,2,9
201,3,8
201,4,6
201,5,1
201,6,4
201,7,0
201,8,2
201,9,3
202,0,2
202,1,1
202,2,9
202,3,4
202,4,5
202,5,3
202,6,6
202,7,7
202,8,0
202,9,8
203,0,5
203,1,9
203,2,1
203,3,3
203,4,7
203,5,8
203,6,6
203,7,0
203,8,2
203,9,4
204,0,4
204,1,6
204,2,3
204,3,2
204,4,9
204,5,0
204,6,5
204,7,1
204,8,8
204,9,7
205,0,8
205,1,6
205,2,2
205,3,1
205,4,5
205,5,4
205,6,3
205,7,9
205,8,7
205,9,0
206,0,4
206,1,5
206,2,6
206,3,7
206,4,8
206,5,9
206,6,3
206,7,0
206,8,1
206,9,2
207,0,5
207,1,1
207,2,6
207,3,7
207,4,9
207,5,2
207,6,4
207,7,8
207,8,0
207,9,3
208,0,1
208,1,6
208,2,5
208,3,7
208,4,0
208,5,2
208,6,3
208,7,8
208,8,4
208,9,9
209,0,1
209,1,7
209,2,0
209,3,4
209,4,9
209,5,5
209,6,2
209,7,6
209,8,8
209,9,3
210,0,1
210,1,5
210,2,9
210,3,2
210,4,4
210,5,7
210,6,0
210,7,6
210,8,3
210,9,8
211,0,3
211,1,9
211,2,1
211,3,4
211,4,6
211,5,2
211,6,0
211,7,5
211,8,7
211,9,8
212,0,5
212,1,3
212,2,2
212,3,7
212,4,1
212,5,0
212,6,6
212,7,9
212,8,4
212,9,8
213,0,5
213,1,3
213,2,7
213,3,2
213,4,9
213,5,4
213,6,8
213,7,1
213,8,0
213,9,6
214,0,0
214,1,7
214,2,3
214,3,5
214,4,2
214,5,8
214,6,4
214,7,6
214,8,1
214,9,9
215,0,5
215,1,1
215,2,9
215,3,6
215,4,0
215,5,7
215,6,8
215,7,4
215,8,3
215,9,2
216,0,7
216,1,8
216,2,4
216,3,6
216,4,0
216,5,2
216,6,3
216,7,5
216,8,1
216,9,9
217,0,4
217,1,5
217,2,6
217,3,9
217,4,2
217,5,7
217,6,3
217,7,0
217,8,1
217,9,8
218,0,4
218,1,0
218,2,7
218,3,1
218,4,3
218,5,6
218,6,9
218,7,2
218,8,5
218,9,8
219,0,0
219,1,7
219,2,5
219,3,8
219,4,2
219,5,1
219,6,4
219,7,3
219,8,9
219,9,6
220,0,5
220,1,3
220,2,0
220,3,2
220,4,4
220,5,9
220,6,6
220,7,7
220,8,1
220,9,8
221,0,3
221,1,4
221,2,9
221,3,5
221,4,6
221,5,1
221,6,7
221,7,0
221,8,8
221,9,2
222,0,0
222,1,1
222,2,5
222,3,2
222,4,6
222,5,7
222,6,8
222,7,3
222,8,4
222,9,9
223,0,6
223,1,1
223,2,7
223,3,8
223,4,5
223,5,3
223,6,9
223,7,4
223,8,2
223,9,0
224,0,5
224,1,6
224,2,7
224,3,4
224,4,2
224,5,8
224,6,3
224,7,9
224,8,1
224,9,0
225,0,7
225,1,3
225,2,1
225,3,4
225,4,6
225,5,0
225,6,8
225,7,2
225,8,9
225,9,5
226,0,7
226,1,6
226,2,8
226,3,5
226,4,4
226,5,1
226,6,0
226,7,3
226,8,2
226,9,9
227,0,7
227,1,1
227,2,3
227,3,0
227,4,5
227,5,9
227,6,2
227,7,4
227,8,6
227,9,8
228,0,9
228,1,5
228,2,4
228,3,6
228,4,0
228,5,1
228,6,7
228,7,2
228,8,8
228,9,3
229,0,9
229,1,3
229,2,2
229,3,5
229,4,1
229,5,7
229,6,6
229,7,8
229,8,0
229,9,4
230,0,1
230,1,5
230,2,9
230,3,6
230,4,3
230,5,0
230,6,2
230,7,4
230,8,7
230,9,8
231,0,1
231,1,5
231,2,6
231,3,7
231,4,2
231,5,0
231,6,4
231,7,3
231,8,8
231,9,9
232,0,8
232,1,6
232,2,7
232,3,0
232,4,3
232,5,1
232,6,4
232,7,2
232,8,5
232,9,9
233,0,4
233,1,5
233,2,6
233,3,9
233,4,0
233,5,7
233,6,1
233,7,2
233,8,8
233,9,3
234,0,3
234,1,1
234,2,6
234,3,8
234,4,9
234,5,5
234,6,7
234,7,2
234,8,0
234,9,4
235,0,1
235,1,7
235,2,6
235,3,8
235,4,2
235,5,9
235,6,0
235,7,4
235,8,3
235,9,5
236,0,3
236,1,5
236,2,9
236,3,6
236,4,1
236,5,0
236,6,4
236,7,8
236,8,7
236,9,2
237,0,5
237,1,6
237,2,4
237,3,7
237,4,9
237,5,1
237,6,2
237,7,0
237,8,3
237,9,8
238,0,5
238,1,6
238,2,2
238,3,4
238,4,0
238,5,9
238,6,7
238,7,8
238,8,3
238,9,1
239,0,9
239,1,5
239,2,4
239,3,6
239,4,0
239,5,7
239,6,1
239,7,8
239,8,2
239,9,3
240,0,2
240,1,5
240,2,6
240,3,0
240,4,9
240,5,7
240,6,4
240,7,3
240,8,1
240,9,8
241,0,0
241,1,6
241,2,2
241,3,3
241,4,1
241,5,5
241,6,7
241,7,9
241,8,8
241,9,4
242,0,6
242,1,3
242,2,4
242,3,7
242,4,0
242,5,9
242,6,8
242,7,5
242,8,2
242,9,1
243,0,5
243,1,8
243,2,2
243,3,7
243,4,1
243,5,9
243,6,6
243,7,0
243,8,4
243,9,3
244,0,6
244,1,9
244,2,4
244,3,7
244,4,2
244,5,0
244,6,5
244,7,1
244,8,3
244,9,8
245,0,0
245,1,2
245,2,5
245,3,1
245,4,7
245,5,4
245,6,6
245,7,8
245,8,3
245,9,9
246,0,0
246,1,9
246,2,5
246,3,1
246,4,3
246,5,4
246,6,8
246,7,7
246,8,2
246,9,6
247,0,4
247,1,1
247,2,8
247,3,3
247,4,2
247,5,6
247,6,5
247,7,0
247,8,7
247,9,9
248,0,6
248,1,7
248,2,8
248,3,2
248,4,4
248,5,1
248,6,3
248,7,5
248,8,9
248,9,0
249,0,5
249,1,0
249,2,6
249,3,1
249,4,7
249,5,3
249,6,8
249,7,9
249,8,4
249,9,2
250,0,5
250,1,6
250,2,1
250,3,7
250,4,8
250,5,0
250,6,2
250,7,9
250,8,3
250,9,4
251,0,2
251,1,6
251,2,5
251,3,8
251,4,0
251,5,4
251,6,3
251,7,1
251,8,9
251,9,7
252,0,4
252,1,0
252,2,5
252,3,2
252,4,1
252,5,9
252,6,6
252,7,7
252,8,8
252,9,3
253,0,1
253,1,9
253,2,5
253,3,2
253,4,3
253,5,4
253,6,6
253,7,0
253,8,7
253,9,8
254,0,1
254,1,9
254,2,6
254,3,7
254,4,8
254,5,3
254,6,5
254,7,0
254,8,4
254,9,2
255,0,5
255,1,1
255,2,6
255,3,9
255,4,7
255,5,8
255,6,2
255,7,4
255,8,3
255,9,0
256,0,2
256,1,5
256,2,3
256,3,9
256,4,4
256,5,6
256,6,0
256,7,8
256,8,7
256,9,1
257,0,1
257,1,4
257,2,5
257,3,6
257,4,3
257,5,2
257,6,7
257,7,8
257,8,9
257,9,0
258,0,7
258,1,8
258,2,4
258,3,6
258,4,5
258,5,0
258,6,3
258,7,2
258,8,1
258,9,9
259,0,6
259,1,1
259,2,2
259,3,8
259,4,7
259,5,5
259,6,9
259,7,0
259,8,3
259,9,4
260,0,8
260,1,4
260,2,7
260,3,3
260,4,9
260,5,6
260,6,5
260,7,1
260,8,2
260,9,0
261,0,2
261,1,5
261,2,6
261,3,7
261,4,0
261,5,4
261,6,1
261,7,9
261,8,8
261,9,3
262,0,9
262,1,4
262,2,0
262,3,1
262,4,5
262,5,3
262,6,6
262,7,7
262,8,8
262,9,2
263,0,1
263,1,4
263,2,5
263,3,0
263,4,9
263,5,6
263,6,2
263,7,7
263,8,8
263,9,3
264,0,2
264,1,5
264,2,6
264,3,3
264,4,0
264,5,9
264,6,7
264,7,4
264,8,1
264,9,8
265,0,4
265,1,8
265,2,2
265,3,9
265,4,0
265,5,3
265,6,7
265,7,1
265,8,6
265,9,5
266,0,0
266,1,5
266,2,8
266,3,7
266,4,1
266,5,2
266,6,9
266,7,4
266,8,3
266,9,6
267,0,1
267,1,3
267,2,6
267,3,8
267,4,7
267,5,2
267,6,0
267,7,9
267,8,4
267,9,5
268,0,3
268,1,6
268,2,5
268,3,9
268,4,1
268,5,0
268,6,7
268,7,4
268,8,8
268,9,2
269,0,5
269,1,3
269,2,0
269,3,9
269,4,1
269,5,6
269,6,7
269,7,2
269,8,4
269,9,8
270,0,6
270,1,8
270,2,4
270,3,7
270,4,9
270,5,1
270,6,5
270,7,3
270,8,2
270,9,0
271,0,1
271,1,2
271,2,5
271,3,6
271,4,7
271,5,4
271,6,9
271,7,8
271,8,3
271,9,0
272,0,3
272,1,5
272,2,2
272,3,1
272,4,9
272,5,8
272,6,0
272,7,6
272,8,7
272,9,4
273,0,5
273,1,1
273,2,8
273,3,2
273,4,0
273,5,7
273,6,9
273,7,6
273,8,3
273,9,4
274,0,5
274,1,2
274,2,0
274,3,6
274,4,7
274,5,1
274,6,9
274,7,3
274,8,8
274,9,4
275,0,7
275,1,6
275,2,9
275,3,5
275,4,1
275,5,0
275,6,4
275,7,2
275,8,8
275,9,3
276,0,1
276,1,4
276,2,0
276,3,8
276,4,7
276,5,9
276,6,3
276,7,2
276,8,5
276,9,6
277,0,5
277,1,3
277,2,4
277,3,0
277,4,7
277,5,2
277,6,6
277,7,9
277,8,8
277,9,1
278,0,2
278,1,5
278,2,0
278,3,1
278,4,6
278,5,7
278,6,4
278,7,3
278,8,8
278,9,9
279,0,8
279,1,7
279,2,6
279,3,3
279,4,0
279,5,1
279,6,2
279,7,4
279,8,9
279,9,5
280,0,4
280,1,5
280,2,0
280,3,6
280,4,7
280,5,1
280,6,9
280,7,8
280,8,3
280,9,2
281,0,3
281,1,5
281,2,1
281,3,2
281,4,6
281,5,7
281,6,9
281,7,8
281,8,0
281,9,4
282,0,4
282,1,0
282,2,2
282,3,5
282,4,6
282,5,7
282,6,9
282,7,8
282,8,1
282,9,3
283,0,1
283,1,4
283,2,7
283,3,0
283,4,6
283,5,3
283,6,5
283,7,2
283,8,8
283,9,9
284,0,3
284,1,4
284,2,0
284,3,2
284,4,8
284,5,1
284,6,9
284,7,5
284,8,6
284,9,7
285,0,7
285,1,3
285,2,6
285,3,4
285,4,2
285,5,9
285,6,5
285,7,1
285,8,8
285,9,0
286,0,5
286,1,1
286,2,6
286,3,9
286,4,4
286,5,3
286,6,2
286,7,7
286,8,8
286,9,0
287,0,0
287,1,5
287,2,2
287,3,3
287,4,6
287,5,7
287,6,1
287,7,4
287,8,8
287,9,9
288,0,5
288,1,2
288,2,3
288,3,8
288,4,9
288,5,7
288,6,4
288,7,6
288,8,0
288,9,1
289,0,0
289,1,4
289,2,7
289,3,1
289,4,2
289,5,8
289,6,6
289,7,3
289,8,9
289,9,5
290,0,1
290,1,5
290,2,9
290,3,8
290,4,7
290,5,0
290,6,2
290,7,6
290,8,3
290,9,4
291,0,5
291,1,6
291,2,3
291,3,2
291,4,0
291,5,4
291,6,7
291,7,9
291,8,1
291,9,8
292,0,8
292,1,3
292,2,1
292,3,4
292,4,2
292,5,0
292,6,5
292,7,7
292,8,6
292,9,9
293,0,2
293,1,7
293,2,0
293,3,3
293,4,9
293,5,5
293,6,8
293,7,4
293,8,1
293,9,6
294,0,7
294,1,4
294,2,6
294,3,9
294,4,5
294,5,2
294,6,0
294,7,3
294,8,8
294,9,1
295,0,2
295,1,1
295,2,5
295,3,0
295,4,9
295,5,3
295,6,6
295,7,7
295,8,8
295,9,4
296,0,5
296,1,4
296,2,6
296,3,1
296,4,0
296,5,9
296,6,2
296,7,3
296,8,7
296,9,8
297,0,4
297,1,8
297,2,3
297,3,0
297,4,5
297,5,2
297,6,6
297,7,9
297,8,7
297,9,1
298,0,3
298,1,4
298,2,5
298,3,2
298,4,9
298,5,6
298,6,0
298,7,7
298,8,1
298,9,8
299,0,5
299,1,0
299,2,1
299,3,6
299,4,2
299,5,7
299,6,8
299,7,3
299,8,4
299,9,9
300,0,5
300,1,6
300,2,9
300,3,0
300,4,7
300,5,1
300,6,8
300,7,4
300,8,3
300,9,2
301,0,0
301,1,2
301,2,1
301,3,6
301,4,7
301,5,8
301,6,3
301,7,4
301,8,5
301,9,9
302,0,0
302,1,2
302,2,4
302,3,5
302,4,6
302,5,1
302,6,7
302,7,9
302,8,8
302,9,3
303,0,6
303,1,1
303,2,5
303,3,4
303,4,3
303,5,8
303,6,7
303,7,9
303,8,2
303,9,0
304,0,1
304,1,2
304,2,3
304,3,0
304,4,5
304,5,4
304,6,6
304,7,7
304,8,8
304,9,9
305,0,7
305,1,4
305,2,5
305,3,6
305,4,8
305,5,9
305,6,2
305,7,3
305,8,0
305,9,1
306,0,5
306,1,6
306,2,1
306,3,9
306,4,3
306,5,7
306,6,2
306,7,8
306,8,4
306,9,0
307,0,0
307,1,9
307,2,3
307,3,4
307,4,5
307,5,6
307,6,7
307,7,1
307,8,2
307,9,8
308,0,4
308,1,3
308,2,5
308,3,2
308,4,1
308,5,7
308,6,0
308,7,9
308,8,6
308,9,8
309,0,4
309,1,2
309,2,5
309,3,6
309,4,7
309,5,3
309,6,0
309,7,8
309,8,1
309,9,9
310,0,0
310,1,2
310,2,5
310,3,6
310,4,7
310,5,9
310,6,1
310,7,4
310,8,8
310,9,3
311,0,0
311,1,5
311,2,4
311,3,1
311,4,9
311,5,6
311,6,7
311,7,3
311,8,2
311,9,8
312,0,3
312,1,5
312,2,2
312,3,4
312,4,8
312,5,7
312,6,0
312,7,1
312,8,6
312,9,9
313,0,7
313,1,2
313,2,9
313,3,3
313,4,6
313,5,1
313,6,0
313,7,5
313,8,8
313,9,4
314,0,4
314,1,2
314,2,1
314,3,5
314,4,6
314,5,9
314,6,7
314,7,8
314,8,0
314,9,3
315,0,4
315,1,8
315,2,9
315,3,3
315,4,2
315,5,1
315,6,0
315,7,7
315,8,6
315,9,5
316,0,2
316,1,3
316,2,6
316,3,5
316,4,7
316,5,1
316,6,4
316,7,8
316,8,9
316,9,0
317,0,5
317,1,6
317,2,0
317,3,1
317,4,7
317,5,9
317,6,2
317,7,3
317,8,4
317,9,8
318,0,1
318,1,3
318,2,4
318,3,0
318,4,6
318,5,8
318,6,9
318,7,7
318,8,5
318,9,2
319,0,4
319,1,6
319,2,0
319,3,9
319,4,5
319,5,2
319,6,7
319,7,1
319,8,8
319,9,3
320,0,7
320,1,4
320,2,9
320,3,5
320,4,1
320,5,6
320,6,8
320,7,3
320,8,2
320,9,0
321,0,3
321,1,4
321,2,1
321,3,5
321,4,6
321,5,7
321,6,8
321,7,2
321,8,9
321,9,0
322,0,1
322,1,4
322,2,0
322,3,9
322,4,2
322,5,3
322,6,5
322,7,6
322,8,7
322,9,8
323,0,1
323,1,9
323,2,7
323,3,5
323,4,0
323,5,2
323,6,6
323,7,3
323,8,8
323,9,4
324,0,3
324,1,1
324,2,5
324,3,4
324,4,0
324,5,9
324,6,6
324,7,2
324,8,7
324,9,8
325,0,7
325,1,3
325,2,2
325,3,6
325,4,0
325,5,8
325,6,4
325,7,5
325,8,9
325,9,1
326,0,6
326,1,8
326,2,4
326,3,3
326,4,2
326,5,0
326,6,1
326,7,5
326,8,9
326,9,7
327,0,5
327,1,2
327,2,4
327,3,7
327,4,9
327,5,8
327,6,3
327,7,1
327,8,6
327,9,0
328,0,8
328,1,1
328,2,2
328,3,0
328,4,5
328,5,3
328,6,7
328,7,6
328,8,4
328,9,9
329,0,4
329,1,7
329,2,1
329,3,6
329,4,0
329,5,9
329,6,8
329,7,2
329,8,5
329,9,3
330,0,1
330,1,0
330,2,9
330,3,6
330,4,8
330,5,5
330,6,2
330,7,3
330,8,4
330,9,7
331,0,1
331,1,5
331,2,2
331,3,4
331,4,6
331,5,3
331,6,7
331,7,9
331,8,0
331,9,8
332,0,8
332,1,1
332,2,4
332,3,3
332,4,2
332,5,0
332,6,7
332,7,6
332,8,9
332,9,5
333,0,5
333,1,9
333,2,3
333,3,6
333,4,4
333,5,7
333,6,0
333,7,1
333,8,8
333,9,2
334,0,4
334,1,1
334,2,0
334,3,5
334,4,6
334,5,7
334,6,2
334,7,8
334,8,3
334,9,9
335,0,0
335,1,1
335,2,5
335,3,6
335,4,4
335,5,3
335,6,8
335,7,2
335,8,9
335,9,7
336,0,5
336,1,6
336,2,3
336,3,1
336,4,7
336,5,9
336,6,2
336,7,0
336,8,4
336,9,8
337,0,2
337,1,0
337,2,7
337,3,6
337,4,9
337,5,8
337,6,1
337,7,4
337,8,3
337,9,5
338,0,6
338,1,3
338,2,0
338,3,5
338,4,1
338,5,4
338,6,9
338,7,8
338,8,2
338,9,7
339,0,5
339,1,6
339,2,0
339,3,2
339,4,9
339,5,3
339,6,8
339,7,4
339,8,7
339,9,1
340,0,5
340,1,6
340,2,7
340,3,0
340,4,3
340,5,4
340,6,2
340,7,1
340,8,9
340,9,8
341,0,1
341,1,2
341,2,4
341,3,3
341,4,0
341,5,5
341,6,6
341,7,7
341,8,9
341,9,8
342,0,1
342,1,6
342,2,5
342,3,3
342,4,7
342,5,8
342,6,9
342,7,4
342,8,2
342,9,0
343,0,4
343,1,0
343,2,9
343,3,5
343,4,1
343,5,6
343,6,2
343,7,7
343,8,8
343,9,3
344,0,1
344,1,3
344,2,5
344,3,6
344,4,8
344,5,2
344,6,4
344,7,7
344,8,0
344,9,9
345,0,1
345,1,9
345,2,7
345,3,3
345,4,2
345,5,4
345,6,8
345,7,6
345,8,0
345,9,5
346,0,8
346,1,7
346,2,1
346,3,4
346,4,5
346,5,0
346,6,6
346,7,3
346,8,9
346,9,2
347,0,4
347,1,9
347,2,0
347,3,2
347,4,5
347,5,6
347,6,7
347,7,1
347,8,3
347,9,8
348,0,2
348,1,0
348,2,5
348,3,6
348,4,7
348,5,3
348,6,9
348,7,1
348,8,4
348,9,8
349,0,5
349,1,7
349,2,3
349,3,2
349,4,8
349,5,0
349,6,6
349,7,1
349,8,4
349,9,9
350,0,6
350,1,4
350,2,2
350,3,3
350,4,0
350,5,1
350,6,5
350,7,8
350,8,9
350,9,7
351,0,1
351,1,6
351,2,7
351,3,9
351,4,8
351,5,5
351,6,4
351,7,3
351,8,0
351,9,2
352,0,4
352,1,1
352,2,9
352,3,3
352,4,5
352,5,6
352,6,0
352,7,7
352,8,8
352,9,2
353,0,5
353,1,3
353,2,2
353,3,9
353,4,4
353,5,1
353,6,6
353,7,7
353,8,0
353,9,8
354,0,0
354,1,5
354,2,9
354,3,6
354,4,4
354,5,7
354,6,2
354,7,3
354,8,8
354,9,1
355,0,5
355,1,6
355,2,3
355,3,4
355,4,9
355,5,1
355,6,0
355,7,7
355,8,8
355,9,2
356,0,1
356,1,3
356,2,0
356,3,4
356,4,6
356,5,2
356,6,9
356,7,7
356,8,5
356,9,8
357,0,1
357,1,8
357,2,6
357,3,3
357,4,7
357,5,0
357,6,5
357,7,9
357,8,4
357,9,2
358,0,5
358,1,6
358,2,7
358,3,2
358,4,4
358,5,8
358,6,9
358,7,0
358,8,3
358,9,1
359,0,0
359,1,4
359,2,5
359,3,6
359,4,1
359,5,3
359,6,9
359,7,7
359,8,2
359,9,8
360,0,5
360,1,9
360,2,6
360,3,3
360,4,7
360,5,8
360,6,1
360,7,4
360,8,2
360,9,0
361,0,3
361,1,0
361,2,9
361,3,5
361,4,8
361,5,6
361,6,2
361,7,7
361,8,1
361,9,4
362,0,5
362,1,1
362,2,0
362,3,3
362,4,6
362,5,2
362,6,4
362,7,7
362,8,8
362,9,9
363,0,6
363,1,9
363,2,5
363,3,3
363,4,7
363,5,2
363,6,4
363,7,8
363,8,0
363,9,1
364,0,8
364,1,1
364,2,9
364,3,7
364,4,5
364,5,6
364,6,2
364,7,4
364,8,0
364,9,3
365,0,0
365,1,3
365,2,5
365,3,7
365,4,8
365,5,2
365,6,9
365,7,6
365,8,1
365,9,4
366,0,5
366,1,6
366,2,1
366,3,9
366,4,2
366,5,7
366,6,0
366,7,4
366,8,8
366,9,3
367,0,3
367,1,2
367,2,6
367,3,5
367,4,4
367,5,1
367,6,7
367,7,8
367,8,0
367,9,9
368,0,6
368,1,1
368,2,3
368,3,5
368,4,2
368,5,8
368,6,7
368,7,0
368,8,9
368,9,4
369,0,4
369,1,8
369,2,2
369,3,0
369,4,1
369,5,5
369,6,3
369,7,7
369,8,6
369,9,9
370,0,1
370,1,4
370,2,5
370,3,6
370,4,2
370,5,7
370,6,0
370,7,8
370,8,3
370,9,9
371,0,2
371,1,6
371,2,9
371,3,5
371,4,1
371,5,3
371,6,8
371,7,7
371,8,0
371,9,4
372,0,0
372,1,1
372,2,2
372,3,5
372,4,3
372,5,6
372,6,4
372,7,7
372,8,8
372,9,9
373,0,4
373,1,9
373,2,0
373,3,8
373,4,5
373,5,3
373,6,6
373,7,1
373,8,7
373,9,2
374,0,0
374,1,5
374,2,9
374,3,8
374,4,6
374,5,4
374,6,3
374,7,2
374,8,1
374,9,7
375,0,1
375,1,4
375,2,0
375,3,5
375,4,6
375,5,3
375,6,7
375,7,2
375,8,8
375,9,9
376,0,1
376,1,5
376,2,3
376,3,6
376,4,4
376,5,9
376,6,7
376,7,2
376,8,8
376,9,0
377,0,5
377,1,8
377,2,3
377,3,2
377,4,1
377,5,0
377,6,7
377,7,4
377,8,9
377,9,6
378,0,3
378,1,8
378,2,0
378,3,7
378,4,9
378,5,2
378,6,5
378,7,6
378,8,4
378,9,1
379,0,7
379,1,0
379,2,1
379,3,8
379,4,5
379,5,6
379,6,4
379,7,3
379,8,9
379,9,2
380,0,2
380,1,9
380,2,8
380,3,6
380,4,5
380,5,1
380,6,0
380,7,7
380,8,4
380,9,3
381,0,8
381,1,4
381,2,6
381,3,3
381,4,2
381,5,9
381,6,0
381,7,1
381,8,5
381,9,7
382,0,2
382,1,9
382,2,4
382,3,6
382,4,8
382,5,1
382,6,7
382,7,3
382,8,5
382,9,0
383,0,2
383,1,4
383,2,3
383,3,8
383,4,6
383,5,1
383,6,9
383,7,5
383,8,7
383,9,0
384,0,0
384,1,6
384,2,5
384,3,1
384,4,3
384,5,9
384,6,2
384,7,8
384,8,4
384,9,7
385,0,4
385,1,5
385,2,0
385,3,6
385,4,3
385,5,9
385,6,2
385,7,1
385,8,7
385,9,8
386,0,8
386,1,9
386,2,2
386,3,1
386,4,3
386,5,6
386,6,4
386,7,7
386,8,0
386,9,5
387,0,5
387,1,1
387,2,6
387,3,4
387,4,7
387,5,9
387,6,3
387,7,2
387,8,8
387,9,0
388,0,7
388,1,6
388,2,8
388,3,0
388,4,3
388,5,9
388,6,5
388,7,2
388,8,1
388,9,4
389,0,1
389,1,5
389,2,6
389,3,0
389,4,2
389,5,4
389,6,7
389,7,9
389,8,3
389,9,8
390,0,7
390,1,1
390,2,9
390,3,3
390,4,0
390,5,2
390,6,8
390,7,5
390,8,6
390,9,4
391,0,8
391,1,9
391,2,2
391,3,5
391,4,4
391,5,7
391,6,3
391,7,6
391,8,0
391,9,1
392,0,4
392,1,2
392,2,5
392,3,9
392,4,3
392,5,1
392,6,6
392,7,7
392,8,0
392,9,8
393,0,6
393,1,9
393,2,7
393,3,5
393,4,0
393,5,1
393,6,8
393,7,4
393,8,2
393,9,3
394,0,5
394,1,4
394,2,9
394,3,6
394,4,2
394,5,1
394,6,7
394,7,0
394,8,3
394,9,8
395,0,6
395,1,9
395,2,7
395,3,5
395,4,0
395,5,8
395,6,2
395,7,4
395,8,1
395,9,3
396,0,8
396,1,5
396,2,7
396,3,3
396,4,4
396,5,9
396,6,1
396,7,6
396,8,0
396,9,2
397,0,5
397,1,3
397,2,1
397,3,6
397,4,7
397,5,0
397,6,4
397,7,8
397,8,9
397,9,2
398,0,1
398,1,3
398,2,0
398,3,5
398,4,6
398,5,7
398,6,2
398,7,4
398,8,9
398,9,8
399,0,2
399,1,1
399,2,8
399,3,6
399,4,4
399,5,3
399,6,0
399,7,5
399,8,9
399,9,7
400,0,1
400,1,5
400,2,4
400,3,6
400,4,2
400,5,9
400,6,0
400,7,7
400,8,3
400,9,8
401,0,7
401,1,9
401,2,4
401,3,6
401,4,0
401,5,1
401,6,3
401,7,5
401,8,2
401,9,8
402,0,3
402,1,8
402,2,5
402,3,0
402,4,4
402,5,2
402,6,1
402,7,7
402,8,6
402,9,9
403,0,4
403,1,0
403,2,6
403,3,9
403,4,7
403,5,2
403,6,8
403,7,1
403,8,3
403,9,5
404,0,6
404,1,7
404,2,0
404,3,1
404,4,2
404,5,4
404,6,8
404,7,3
404,8,5
404,9,9
405,0,9
405,1,5
405,2,2
405,3,4
405,4,1
405,5,0
405,6,6
405,7,3
405,8,7
405,9,8
406,0,0
406,1,1
406,2,4
406,3,3
406,4,2
406,5,5
406,6,6
406,7,7
406,8,8
406,9,9
407,0,2
407,1,1
407,2,0
407,3,7
407,4,3
407,5,9
407,6,5
407,7,6
407,8,8
407,9,4
408,0,5
408,1,1
408,2,0
408,3,4
408,4,3
408,5,9
408,6,7
408,7,2
408,8,6
408,9,8
409,0,3
409,1,5
409,2,9
409,3,0
409,4,2
409,5,6
409,6,4
409,7,1
409,8,7
409,9,8
410,0,7
410,1,3
410,2,9
410,3,6
410,4,4
410,5,5
410,6,0
410,7,8
410,8,2
410,9,1
411,0,4
411,1,5
411,2,3
411,3,9
411,4,1
411,5,6
411,6,2
411,7,7
411,8,8
411,9,0
412,0,0
412,1,4
412,2,3
412,3,5
412,4,2
412,5,6
412,6,9
412,7,1
412,8,7
412,9,8
413,0,2
413,1,6
413,2,1
413,3,5
413,4,0
413,5,7
413,6,9
413,7,8
413,8,3
413,9,4
414,0,8
414,1,3
414,2,6
414,3,5
414,4,1
414,5,4
414,6,0
414,7,9
414,8,2
414,9,7
415,0,4
415,1,1
415,2,6
415,3,8
415,4,9
415,5,2
415,6,0
415,7,5
415,8,3
415,9,7
416,0,5
416,1,1
416,2,2
416,3,4
416,4,3
416,5,6
416,6,9
416,7,0
416,8,7
416,9,8
417,0,0
417,1,2
417,2,4
417,3,5
417,4,6
417,5,7
417,6,8
417,7,3
417,8,1
417,9,9
418,0,4
418,1,3
418,2,5
418,3,6
418,4,7
418,5,1
418,6,8
418,7,9
418,8,2
418,9,0
419,0,4
419,1,0
419,2,5
419,3,3
419,4,6
419,5,9
419,6,7
419,7,1
419,8,8
419,9,2
420,0,4
420,1,5
420,2,9
420,3,6
420,4,3
420,5,7
420,6,1
420,7,8
420,8,0
420,9,2
421,0,4
421,1,2
421,2,5
421,3,7
421,4,8
421,5,6
421,6,9
421,7,1
421,8,3
421,9,0
422,0,2
422,1,6
422,2,0
422,3,5
422,4,8
422,5,1
422,6,4
422,7,7
422,8,3
422,9,9
423,0,0
423,1,6
423,2,1
423,3,9
423,4,3
423,5,7
423,6,4
423,7,2
423,8,8
423,9,5
424,0,1
424,1,9
424,2,3
424,3,2
424,4,5
424,5,6
424,6,7
424,7,4
424,8,0
424,9,8
425,0,3
425,1,4
425,2,0
425,3,5
425,4,7
425,5,2
425,6,6
425,7,8
425,8,1
425,9,9
426,0,4
426,1,6
426,2,5
426,3,3
426,4,9
426,5,2
426,6,8
426,7,1
426,8,7
426,9,0
427,0,4
427,1,8
427,2,2
427,3,1
427,4,7
427,5,6
427,6,3
427,7,0
427,8,5
427,9,9
428,0,6
428,1,8
428,2,5
428,3,4
428,4,0
428,5,3
428,6,1
428,7,9
428,8,7
428,9,2
429,0,0
429,1,5
429,2,1
429,3,2
429,4,6
429,5,7
429,6,4
429,7,8
429,8,9
429,9,3
430,0,1
430,1,8
430,2,3
430,3,7
430,4,5
430,5,6
430,6,4
430,7,2
430,8,9
430,9,0
431,0,4
431,1,0
431,2,3
431,3,5
431,4,6
431,5,7
431,6,8
431,7,1
431,8,9
431,9,2
432,0,4
432,1,5
432,2,6
432,3,0
432,4,7
432,5,8
432,6,3
432,7,1
432,8,9
432,9,2
433,0,0
433,1,1
433,2,9
433,3,8
433,4,5
433,5,4
433,6,7
433,7,3
433,8,2
433,9,6
434,0,5
434,1,6
434,2,1
434,3,9
434,4,8
434,5,2
434,6,7
434,7,4
434,8,0
434,9,3
435,0,5
435,1,3
435,2,9
435,3,4
435,4,2
435,5,8
435,6,0
435,7,6
435,8,7
435,9,1
436,0,3
436,1,0
436,2,5
436,3,4
436,4,6
436,5,1
436,6,7
436,7,2
436,8,8
436,9,9
437,0,3
437,1,8
437,2,1
437,3,7
437,4,0
437,5,5
437,6,2
437,7,9
437,8,6
437,9,4
438,0,5
438,1,4
438,2,6
438,3,7
438,4,1
438,5,0
438,6,8
438,7,2
438,8,9
438,9,3
439,0,1
439,1,6
439,2,4
439,3,0
439,4,5
439,5,9
439,6,3
439,7,7
439,8,2
439,9,8
440,0,2
440,1,5
440,2,3
440,3,8
440,4,6
440,5,4
440,6,0
440,7,9
440,8,1
440,9,7
441,0,3
441,1,0
441,2,5
441,3,1
441,4,6
441,5,4
441,6,9
441,7,2
441,8,7
441,9,8
442,0,2
442,1,7
442,2,6
442,3,1
442,4,9
442,5,8
442,6,3
442,7,0
442,8,5
442,9,4
443,0,2
443,1,5
443,2,6
443,3,7
443,4,9
443,5,3
443,6,8
443,7,4
443,8,1
443,9,0
444,0,4
444,1,1
444,2,0
444,3,2
444,4,3
444,5,9
444,6,5
444,7,6
444,8,7
444,9,8
445,0,0
445,1,3
445,2,1
445,3,7
445,4,8
445,5,4
445,6,2
445,7,9
445,8,6
445,9,5
446,0,0
446,1,5
446,2,7
446,3,2
446,4,6
446,5,1
446,6,8
446,7,9
446,8,4
446,9,3
447,0,2
447,1,7
447,2,5
447,3,1
447,4,3
447,5,6
447,6,8
447,7,0
447,8,4
447,9,9
448,0,1
448,1,5
448,2,4
448,3,6
448,4,2
448,5,7
448,6,0
448,7,8
448,8,9
448,9,3
449,0,5
449,1,9
449,2,4
449,3,6
449,4,0
449,5,7
449,6,1
449,7,2
449,8,8
449,9,3
450,0,3
450,1,1
450,2,0
450,3,7
450,4,9
450,5,6
450,6,2
450,7,5
450,8,8
450,9,4
451,0,9
451,1,0
451,2,4
451,3,1
451,4,5
451,5,2
451,6,6
451,7,3
451,8,7
451,9,8
452,0,0
452,1,7
452,2,4
452,3,8
452,4,2
452,5,1
452,6,6
452,7,9
452,8,5
452,9,3
453,0,6
453,1,9
453,2,0
453,3,5
453,4,7
453,5,3
453,6,8
453,7,2
453,8,1
453,9,4
454,0,1
454,1,2
454,2,0
454,3,3
454,4,8
454,5,5
454,6,6
454,7,7
454,8,9
454,9,4
455,0,6
455,1,8
455,2,4
455,3,2
455,4,1
455,5,7
455,6,3
455,7,9
455,8,0
455,9,5
456,0,0
456,1,5
456,2,1
456,3,6
456,4,7
456,5,8
456,6,2
456,7,4
456,8,9
456,9,3
457,0,2
457,1,8
457,2,7
457,3,4
457,4,5
457,5,3
457,6,6
457,7,0
457,8,9
457,9,1
458,0,6
458,1,4
458,2,9
458,3,0
458,4,1
458,5,7
458,6,8
458,7,2
458,8,5
458,9,3
459,0,0
459,1,9
459,2,6
459,3,5
459,4,4
459,5,7
459,6,2
459,7,3
459,8,1
459,9,8
460,0,0
460,1,7
460,2,1
460,3,6
460,4,5
460,5,9
460,6,8
460,7,4
460,8,3
460,9,2
461,0,0
461,1,4
461,2,9
461,3,1
461,4,3
461,5,2
461,6,5
461,7,6
461,8,7
461,9,8
462,0,4
462,1,5
462,2,9
462,3,6
462,4,0
462,5,2
462,6,7
462,7,8
462,8,3
462,9,1
463,0,4
463,1,7
463,2,1
463,3,2
463,4,5
463,5,6
463,6,0
463,7,8
463,8,3
463,9,9
464,0,8
464,1,7
464,2,9
464,3,2
464,4,6
464,5,3
464,6,1
464,7,5
464,8,4
464,9,0
465,0,9
465,1,7
465,2,4
465,3,2
465,4,5
465,5,3
465,6,0
465,7,6
465,8,1
465,9,8
466,0,3
466,1,7
466,2,2
466,3,1
466,4,8
466,5,9
466,6,5
466,7,4
466,8,6
466,9,0
467,0,7
467,1,5
467,2,2
467,3,0
467,4,9
467,5,8
467,6,3
467,7,1
467,8,6
467,9,4
468,0,9
468,1,3
468,2,5
468,3,6
468,4,7
468,5,0
468,6,8
468,7,1
468,8,4
468,9,2
469,0,0
469,1,4
469,2,5
469,3,6
469,4,9
469,5,7
469,6,1
469,7,2
469,8,3
469,9,8
470,0,8
470,1,0
470,2,1
470,3,6
470,4,3
470,5,5
470,6,4
470,7,2
470,8,9
470,9,7
471,0,4
471,1,3
471,2,5
471,3,0
471,4,9
471,5,2
471,6,6
471,7,1
471,8,7
471,9,8
472,0,0
472,1,4
472,2,5
472,3,6
472,4,9
472,5,7
472,6,2
472,7,8
472,8,1
472,9,3
473,0,5
473,1,0
473,2,9
473,3,6
473,4,2
473,5,7
473,6,8
473,7,3
473,8,1
473,9,4
474,0,5
474,1,2
474,2,6
474,3,7
474,4,0
474,5,4
474,6,3
474,7,8
474,8,1
474,9,9
475,0,7
475,1,8
475,2,2
475,3,1
475,4,0
475,5,5
475,6,3
475,7,4
475,8,6
475,9,9
476,0,7
476,1,0
476,2,1
476,3,9
476,4,5
476,5,6
476,6,3
476,7,4
476,8,8
476,9,2
477,0,5
477,1,3
477,2,1
477,3,2
477,4,9
477,5,6
477,6,0
477,7,7
477,8,4
477,9,8
478,0,4
478,1,9
478,2,5
478,3,0
478,4,6
478,5,7
478,6,8
478,7,2
478,8,3
478,9,1
479,0,3
479,1,8
479,2,5
479,3,7
479,4,6
479,5,1
479,6,2
479,7,9
479,8,0
479,9,4
480,0,0
480,1,9
480,2,6
480,3,3
480,4,4
480,5,8
480,6,1
480,7,2
480,8,5
480,9,7
481,0,3
481,1,4
481,2,0
481,3,8
481,4,2
481,5,7
481,6,5
481,7,1
481,8,9
481,9,6
482,0,0
482,1,7
482,2,3
482,3,8
482,4,9
482,5,5
482,6,2
482,7,6
482,8,1
482,9,4
483,0,5
483,1,1
483,2,6
483,3,7
483,4,4
483,5,9
483,6,0
483,7,8
483,8,3
483,9,2
484,0,0
484,1,6
484,2,3
484,3,2
484,4,7
484,5,8
484,6,9
484,7,5
484,8,1
484,9,4
485,0,1
485,1,7
485,2,2
485,3,9
485,4,8
485,5,4
485,6,0
485,7,3
485,8,6
485,9,5
486,0,4
486,1,3
486,2,5
486,3,6
486,4,7
486,5,0
486,6,8
486,7,9
486,8,1
486,9,2
487,0,5
487,1,6
487,2,2
487,3,9
487,4,4
487,5,7
487,6,3
487,7,0
487,8,1
487,9,8
488,0,7
488,1,2
488,2,5
488,3,1
488,4,8
488,5,4
488,6,6
488,7,0
488,8,9
488,9,3
489,0,5
489,1,8
489,2,2
489,3,7
489,4,6
489,5,1
489,6,9
489,7,0
489,8,4
489,9,3
490,0,0
490,1,8
490,2,1
490,3,4
490,4,5
490,5,2
490,6,7
490,7,6
490,8,9
490,9,3
491,0,9
491,1,3
491,2,5
491,3,0
491,4,6
491,5,1
491,6,7
491,7,8
491,8,2
491,9,4
492,0,8
492,1,9
492,2,3
492,3,6
492,4,2
492,5,5
492,6,0
492,7,7
492,8,1
492,9,4
493,0,0
493,1,8
493,2,1
493,3,6
493,4,4
493,5,3
493,6,7
493,7,9
493,8,2
493,9,5
494,0,4
494,1,2
494,2,6
494,3,8
494,4,7
494,5,1
494,6,9
494,7,0
494,8,3
494,9,5
495,0,4
495,1,5
495,2,1
495,3,2
495,4,0
495,5,6
495,6,7
495,7,9
495,8,3
495,9,8
496,0,6
496,1,8
496,2,9
496,3,3
496,4,2
496,5,5
496,6,1
496,7,0
496,8,4
496,9,7
497,0,9
497,1,2
497,2,6
497,3,3
497,4,7
497,5,4
497,6,1
497,7,8
497,8,5
497,9,0
498,0,1
498,1,3
498,2,2
498,3,9
498,4,6
498,5,0
498,6,5
498,7,8
498,8,7
498,9,4
499,0,1
499,1,4
499,2,9
499,3,7
499,4,0
499,5,8
499,6,6
499,7,2
499,8,5
499,9,3
500,0,4
500,1,8
500,2,2
500,3,3
500,4,9
500,5,0
500,6,5
500,7,1
500,8,7
500,9,6
501,0,3
501,1,8
501,2,2
501,3,4
501,4,7
501,5,5
501,6,6
501,7,1
501,8,9
501,9,0
502,0,4
502,1,5
502,2,3
502,3,6
502,4,9
502,5,7
502,6,0
502,7,8
502,8,2
502,9,1
503,0,5
503,1,6
503,2,9
503,3,1
503,4,2
503,5,3
503,6,7
503,7,4
503,8,0
503,9,8
504,0,0
504,1,4
504,2,3
504,3,9
504,4,1
504,5,5
504,6,6
504,7,2
504,8,7
504,9,8
505,0,0
505,1,2
505,2,3
505,3,4
505,4,9
505,5,1
505,6,5
505,7,8
505,8,7
505,9,6
506,0,5
506,1,9
506,2,6
506,3,7
506,4,0
506,5,8
506,6,3
506,7,4
506,8,2
506,9,1
507,0,4
507,1,9
507,2,5
507,3,6
507,4,7
507,5,1
507,6,3
507,7,8
507,8,0
507,9,2
508,0,3
508,1,0
508,2,6
508,3,4
508,4,1
508,5,2
508,6,7
508,7,5
508,8,9
508,9,8
509,0,2
509,1,5
509,2,1
509,3,0
509,4,9
509,5,6
509,6,7
509,7,4
509,8,3
509,9,8
510,0,5
510,1,0
510,2,9
510,3,6
510,4,1
510,5,2
510,6,7
510,7,3
510,8,4
510,9,8
511,0,3
511,1,7
511,2,5
511,3,6
511,4,0
511,5,4
511,6,9
511,7,1
511,8,8
511,9,2
512,0,5
512,1,2
512,2,6
512,3,0
512,4,3
512,5,9
512,6,1
512,7,7
512,8,8
512,9,4
513,0,6
513,1,2
513,2,5
513,3,0
513,4,3
513,5,9
513,6,7
513,7,1
513,8,4
513,9,8
514,0,3
514,1,7
514,2,2
514,3,6
514,4,0
514,5,1
514,6,5
514,7,8
514,8,4
514,9,9
515,0,3
515,1,5
515,2,2
515,3,1
515,4,7
515,5,6
515,6,0
515,7,8
515,8,4
515,9,9
516,0,5
516,1,1
516,2,2
516,3,4
516,4,3
516,5,0
516,6,6
516,7,7
516,8,8
516,9,9
517,0,3
517,1,5
517,2,1
517,3,7
517,4,9
517,5,8
517,6,0
517,7,6
517,8,2
517,9,4
518,0,3
518,1,1
518,2,0
518,3,6
518,4,4
518,5,5
518,6,7
518,7,2
518,8,8
518,9,9
519,0,5
519,1,8
519,2,7
519,3,0
519,4,6
519,5,3
519,6,2
519,7,1
519,8,9
519,9,4
520,0,1
520,1,4
520,2,0
520,3,5
520,4,6
520,5,2
520,6,3
520,7,7
520,8,8
520,9,9
521,0,6
521,1,9
521,2,5
521,3,2
521,4,7
521,5,3
521,6,1
521,7,4
521,8,0
521,9,8
522,0,3
522,1,1
522,2,5
522,3,6
522,4,2
522,5,0
522,6,7
522,7,4
522,8,8
522,9,9
523,0,8
523,1,2
523,2,1
523,3,7
523,4,5
523,5,0
523,6,9
523,7,3
523,8,4
523,9,6
524,0,9
524,1,7
524,2,1
524,3,4
524,4,8
524,5,3
524,6,5
524,7,0
524,8,2
524,9,6
525,0,2
525,1,3
525,2,5
525,3,6
525,4,1
525,5,7
525,6,8
525,7,0
525,8,4
525,9,9
526,0,7
526,1,5
526,2,8
526,3,2
526,4,1
526,5,6
526,6,9
526,7,0
526,8,4
526,9,3
527,0,3
527,1,0
527,2,7
527,3,9
527,4,1
527,5,4
527,6,5
527,7,6
527,8,8
527,9,2
528,0,6
528,1,4
528,2,8
528,3,5
528,4,0
528,5,1
528,6,3
528,7,2
528,8,7
528,9,9
529,0,0
529,1,7
529,2,6
529,3,4
529,4,2
529,5,8
529,6,9
529,7,5
529,8,3
529,9,1
530,0,4
530,1,5
530,2,6
530,3,7
530,4,0
530,5,8
530,6,1
530,7,2
530,8,3
530,9,9
531,0,5
531,1,1
531,2,0
531,3,6
531,4,3
531,5,7
531,6,4
531,7,8
531,8,2
531,9,9
532,0,5
532,1,2
532,2,0
532,3,4
532,4,6
532,5,7
532,6,3
532,7,8
532,8,1
532,9,9
533,0,5
533,1,9
533,2,1
533,3,6
533,4,4
533,5,7
533,6,0
533,7,2
533,8,8
533,9,3
534,0,8
534,1,4
534,2,0
534,3,3
534,4,6
534,5,1
534,6,7
534,7,5
534,8,9
534,9,2
535,0,0
535,1,5
535,2,9
535,3,4
535,4,1
535,5,6
535,6,2
535,7,3
535,8,7
535,9,8
536,0,5
536,1,6
536,2,2
536,3,9
536,4,7
536,5,8
536,6,0
536,7,1
536,8,4
536,9,3
537,0,3
537,1,1
537,2,5
537,3,9
537,4,0
537,5,6
537,6,2
537,7,7
537,8,4
537,9,8
538,0,2
538,1,5
538,2,6
538,3,1
538,4,7
538,5,3
538,6,8
538,7,4
538,8,9
538,9,0
539,0,5
539,1,6
539,2,4
539,3,2
539,4,0
539,5,7
539,6,1
539,7,3
539,8,9
539,9,8
540,0,8
540,1,5
540,2,0
540,3,9
540,4,3
540,5,4
540,6,6
540,7,1
540,8,2
540,9,7
541,0,8
541,1,2
541,2,5
541,3,6
541,4,4
541,5,1
541,6,7
541,7,3
541,8,9
541,9,0
542,0,4
542,1,5
542,2,6
542,3,3
542,4,7
542,5,1
542,6,0
542,7,9
542,8,2
542,9,8
543,0,7
543,1,4
543,2,9
543,3,5
543,4,3
543,5,2
543,6,6
543,7,8
543,8,1
543,9,0
544,0,2
544,1,0
544,2,5
544,3,6
544,4,1
544,5,4
544,6,7
544,7,9
544,8,8
544,9,3
545,0,5
545,1,8
545,2,7
545,3,4
545,4,2
545,5,6
545,6,0
545,7,9
545,8,1
545,9,3
546,0,2
546,1,1
546,2,4
546,3,3
546,4,0
546,5,9
546,6,5
546,7,7
546,8,8
546,9,6
547,0,9
547,1,4
547,2,2
547,3,5
547,4,1
547,5,0
547,6,3
547,7,6
547,8,7
547,9,8
548,0,0
548,1,2
548,2,4
548,3,5
548,4,6
548,5,3
548,6,9
548,7,7
548,8,1
548,9,8
549,0,0
549,1,1
549,2,5
549,3,4
549,4,6
549,5,7
549,6,3
549,7,2
549,8,9
549,9,8
550,0,8
550,1,3
550,2,4
550,3,0
550,4,1
550,5,9
550,6,7
550,7,2
550,8,6
550,9,5
551,0,5
551,1,1
551,2,6
551,3,4
551,4,9
551,5,0
551,6,7
551,7,3
551,8,2
551,9,8
552,0,0
552,1,8
552,2,9
552,3,5
552,4,1
552,5,4
552,6,3
552,7,2
552,8,7
552,9,6
553,0,8
553,1,6
553,2,9
553,3,2
553,4,3
553,5,5
553,6,4
553,7,7
553,8,0
553,9,1
554,0,2
554,1,1
554,2,5
554,3,6
554,4,0
554,5,3
554,6,7
554,7,9
554,8,8
554,9,4
555,0,9
555,1,4
555,2,5
555,3,1
555,4,3
555,5,2
555,6,0
555,7,6
555,8,7
555,9,8
556,0,2
556,1,7
556,2,4
556,3,5
556,4,3
556,5,6
556,6,1
556,7,9
556,8,8
556,9,0
557,0,4
557,1,5
557,2,9
557,3,1
557,4,3
557,5,2
557,6,6
557,7,7
557,8,0
557,9,8
558,0,3
558,1,7
558,2,8
558,3,4
558,4,6
558,5,5
558,6,0
558,7,2
558,8,1
558,9,9
559,0,3
559,1,9
559,2,0
559,3,1
559,4,8
559,5,5
559,6,2
559,7,7
559,8,4
559,9,6
560,0,6
560,1,1
560,2,3
560,3,7
560,4,8
560,5,0
560,6,9
560,7,4
560,8,5
560,9,2
561,0,5
561,1,3
561,2,1
561,3,0
561,4,6
561,5,4
561,6,7
561,7,9
561,8,8
561,9,2
562,0,6
562,1,5
562,2,9
562,3,2
562,4,7
562,5,3
562,6,4
562,7,8
562,8,1
562,9,0
563,0,0
563,1,9
563,2,5
563,3,8
563,4,2
563,5,1
563,6,6
563,7,4
563,8,7
563,9,3
564,0,0
564,1,7
564,2,9
564,3,4
564,4,1
564,5,3
564,6,5
564,7,2
564,8,6
564,9,8
565,0,2
565,1,1
565,2,7
565,3,6
565,4,0
565,5,8
565,6,9
565,7,4
565,8,3
565,9,5
566,0,1
566,1,5
566,2,9
566,3,3
566,4,6
566,5,8
566,6,7
566,7,2
566,8,0
566,9,4
567,0,1
567,1,2
567,2,5
567,3,6
567,4,9
567,5,0
567,6,4
567,7,7
567,8,3
567,9,8
568,0,0
568,1,2
568,2,7
568,3,5
568,4,6
568,5,3
568,6,4
568,7,1
568,8,8
568,9,9
569,0,7
569,1,6
569,2,4
569,3,8
569,4,3
569,5,2
569,6,0
569,7,9
569,8,5
569,9,1
570,0,5
570,1,4
570,2,8
570,3,6
570,4,1
570,5,2
570,6,3
570,7,0
570,8,9
570,9,7
571,0,1
571,1,9
571,2,2
571,3,4
571,4,5
571,5,0
571,6,6
571,7,7
571,8,8
571,9,3
572,0,4
572,1,2
572,2,1
572,3,5
572,4,0
572,5,6
572,6,7
572,7,9
572,8,3
572,9,8
573,0,1
573,1,2
573,2,9
573,3,3
573,4,0
573,5,5
573,6,6
573,7,7
573,8,4
573,9,8
574,0,1
574,1,0
574,2,2
574,3,7
574,4,4
574,5,8
574,6,9
574,7,5
574,8,3
574,9,6
575,0,7
575,1,2
575,2,3
575,3,1
575,4,6
575,5,8
575,6,0
575,7,4
575,8,9
575,9,5
576,0,5
576,1,6
576,2,0
576,3,1
576,4,2
576,5,9
576,6,7
576,7,3
576,8,8
576,9,4
577,0,4
577,1,3
577,2,7
577,3,9
577,4,0
577,5,6
577,6,8
577,7,1
577,8,2
577,9,5
578,0,1
578,1,5
578,2,2
578,3,9
578,4,6
578,5,7
578,6,3
578,7,4
578,8,8
578,9,0
579,0,5
579,1,6
579,2,2
579,3,0
579,4,1
579,5,9
579,6,7
579,7,8
579,8,3
579,9,4
580,0,8
580,1,4
580,2,0
580,3,3
580,4,6
580,5,9
580,6,5
580,7,7
580,8,2
580,9,1
581,0,4
581,1,9
581,2,7
581,3,6
581,4,5
581,5,8
581,6,2
581,7,1
581,8,0
581,9,3
582,0,8
582,1,3
582,2,2
582,3,4
582,4,6
582,5,9
582,6,7
582,7,1
582,8,0
582,9,5
583,0,2
583,1,4
583,2,5
583,3,3
583,4,6
583,5,9
583,6,1
583,7,7
583,8,0
583,9,8
584,0,6
584,1,9
584,2,5
584,3,7
584,4,1
584,5,0
584,6,2
584,7,4
584,8,8
584,9,3
585,0,5
585,1,6
585,2,9
585,3,7
585,4,8
585,5,0
585,6,3
585,7,4
585,8,2
585,9,1
586,0,3
586,1,0
586,2,4
586,3,5
586,4,6
586,5,9
586,6,1
586,7,7
586,8,8
586,9,2
587,0,1
587,1,5
587,2,8
587,3,2
587,4,4
587,5,0
587,6,3
587,7,9
587,8,7
587,9,6
588,0,4
588,1,3
588,2,2
588,3,5
588,4,1
588,5,6
588,6,7
588,7,0
588,8,8
588,9,9
589,0,8
589,1,7
589,2,9
589,3,6
589,4,3
589,5,4
589,6,0
589,7,5
589,8,2
589,9,1
590,0,3
590,1,1
590,2,8
590,3,9
590,4,4
590,5,6
590,6,0
590,7,2
590,8,5
590,9,7
591,0,4
591,1,5
591,2,6
591,3,1
591,4,7
591,5,2
591,6,3
591,7,9
591,8,8
591,9,0
592,0,3
592,1,9
592,2,5
592,3,6
592,4,7
592,5,8
592,6,1
592,7,2
592,8,0
592,9,4
593,0,1
593,1,2
593,2,4
593,3,5
593,4,3
593,5,6
593,6,0
593,7,9
593,8,7
593,9,8
594,0,8
594,1,9
594,2,2
594,3,5
594,4,1
594,5,7
594,6,6
594,7,4
594,8,0
594,9,3
595,0,9
595,1,1
595,2,2
595,3,6
595,4,7
595,5,0
595,6,4
595,7,8
595,8,3
595,9,5
596,0,6
596,1,0
596,2,7
596,3,4
596,4,8
596,5,9
596,6,2
596,7,5
596,8,1
596,9,3
597,0,5
597,1,7
597,2,6
597,3,9
597,4,4
597,5,3
597,6,1
597,7,2
597,8,0
597,9,8
598,0,8
598,1,5
598,2,6
598,3,4
598,4,9
598,5,3
598,6,7
598,7,1
598,8,2
598,9,0
599,0,6
599,1,5
599,2,7
599,3,1
599,4,3
599,5,8
599,6,2
599,7,9
599,8,4
599,9,0
600,0,0
600,1,5
600,2,8
600,3,4
600,4,7
600,5,9
600,6,2
600,7,3
600,8,1
600,9,6
601,0,0
601,1,5
601,2,6
601,3,4
601,4,7
601,5,8
601,6,3
601,7,2
601,8,1
601,9,9
602,0,0
602,1,6
602,2,4
602,3,9
602,4,1
602,5,7
602,6,5
602,7,8
602,8,3
602,9,2
603,0,8
603,1,0
603,2,3
603,3,9
603,4,1
603,5,6
603,6,7
603,7,5
603,8,4
603,9,2
604,0,1
604,1,3
604,2,0
604,3,8
604,4,4
604,5,5
604,6,9
604,7,7
604,8,6
604,9,2
605,0,2
605,1,5
605,2,6
605,3,3
605,4,1
605,5,7
605,6,4
605,7,0
605,8,9
605,9,8
606,0,8
606,1,1
606,2,0
606,3,3
606,4,7
606,5,9
606,6,6
606,7,5
606,8,4
606,9,2
607,0,7
607,1,2
607,2,0
607,3,9
607,4,8
607,5,6
607,6,1
607,7,4
607,8,5
607,9,3
608,0,5
608,1,6
608,2,1
608,3,7
608,4,0
608,5,8
608,6,2
608,7,3
608,8,4
608,9,9
609,0,5
609,1,8
609,2,4
609,3,1
609,4,6
609,5,9
609,6,0
609,7,2
609,8,7
609,9,3
610,0,0
610,1,7
610,2,3
610,3,1
610,4,8
610,5,6
610,6,9
610,7,5
610,8,4
610,9,2
611,0,0
611,1,4
611,2,9
611,3,7
611,4,6
611,5,5
611,6,8
611,7,2
611,8,3
611,9,1
612,0,5
612,1,6
612,2,2
612,3,3
612,4,4
612,5,7
612,6,0
612,7,8
612,8,9
612,9,1
613,0,3
613,1,5
613,2,9
613,3,6
613,4,1
613,5,7
613,6,2
613,7,4
613,8,0
613,9,8
614,0,8
614,1,0
614,2,7
614,3,9
614,4,3
614,5,5
614,6,4
614,7,1
614,8,2
614,9,6
615,0,4
615,1,3
615,2,5
615,3,6
615,4,1
615,5,9
615,6,2
615,7,0
615,8,7
615,9,8
616,0,3
616,1,5
616,2,9
616,3,6
616,4,1
616,5,0
616,6,4
616,7,7
616,8,8
616,9,2
617,0,3
617,1,0
617,2,8
617,3,4
617,4,2
617,5,1
617,6,5
617,7,9
617,8,6
617,9,7
618,0,0
618,1,4
618,2,1
618,3,5
618,4,6
618,5,7
618,6,9
618,7,2
618,8,8
618,9,3
619,0,4
619,1,0
619,2,5
619,3,6
619,4,2
619,5,1
619,6,3
619,7,7
619,8,8
619,9,9
620,0,8
620,1,4
620,2,7
620,3,3
620,4,9
620,5,5
620,6,1
620,7,6
620,8,2
620,9,0
621,0,8
621,1,9
621,2,3
621,3,5
621,4,7
621,5,2
621,6,6
621,7,0
621,8,1
621,9,4
622,0,1
622,1,6
622,2,4
622,3,3
622,4,8
622,5,7
622,6,9
622,7,5
622,8,2
622,9,0
623,0,8
623,1,2
623,2,4
623,3,5
623,4,9
623,5,1
623,6,3
623,7,7
623,8,0
623,9,6
624,0,3
624,1,7
624,2,5
624,3,6
624,4,8
624,5,0
624,6,2
624,7,9
624,8,4
624,9,1
625,0,0
625,1,6
625,2,5
625,3,2
625,4,1
625,5,3
625,6,8
625,7,7
625,8,4
625,9,9
626,0,3
626,1,5
626,2,6
626,3,1
626,4,9
626,5,0
626,6,7
626,7,2
626,8,4
626,9,8
627,0,4
627,1,8
627,2,3
627,3,2
627,4,1
627,5,6
627,6,7
627,7,0
627,8,9
627,9,5
628,0,1
628,1,4
628,2,3
628,3,2
628,4,5
628,5,9
628,6,6
628,7,7
628,8,0
628,9,8
629,0,3
629,1,1
629,2,4
629,3,5
629,4,6
629,5,2
629,6,0
629,7,7
629,8,9
629,9,8
630,0,4
630,1,7
630,2,1
630,3,8
630,4,6
630,5,5
630,6,2
630,7,3
630,8,9
630,9,0
631,0,0
631,1,6
631,2,2
631,3,4
631,4,7
631,5,5
631,6,8
631,7,1
631,8,9
631,9,3
632,0,4
632,1,1
632,2,9
632,3,6
632,4,2
632,5,7
632,6,3
632,7,0
632,8,8
632,9,5
633,0,3
633,1,8
633,2,7
633,3,6
633,4,5
633,5,1
633,6,4
633,7,9
633,8,0
633,9,2
634,0,0
634,1,9
634,2,4
634,3,3
634,4,2
634,5,1
634,6,8
634,7,6
634,8,7
634,9,5
635,0,4
635,1,2
635,2,5
635,3,1
635,4,6
635,5,0
635,6,9
635,7,3
635,8,7
635,9,8
636,0,6
636,1,9
636,2,8
636,3,0
636,4,3
636,5,5
636,6,1
636,7,2
636,8,4
636,9,7
637,0,6
637,1,3
637,2,9
637,3,2
637,4,4
637,5,8
637,6,1
637,7,7
637,8,5
637,9,0
638,0,1
638,1,0
638,2,5
638,3,9
638,4,8
638,5,4
638,6,2
638,7,3
638,8,6
638,9,7
639,0,4
639,1,3
639,2,5
639,3,6
639,4,2
639,5,1
639,6,0
639,7,7
639,8,9
639,9,8
640,0,4
640,1,0
640,2,5
640,3,2
640,4,3
640,5,6
640,6,1
640,7,9
640,8,7
640,9,8
641,0,8
641,1,6
641,2,9
641,3,3
641,4,5
641,5,2
641,6,4
641,7,1
641,8,0
641,9,7
642,0,5
642,1,3
642,2,2
642,3,7
642,4,9
642,5,1
642,6,6
642,7,4
642,8,0
642,9,8
643,0,4
643,1,5
643,2,0
643,3,9
643,4,6
643,5,3
643,6,1
643,7,8
643,8,7
643,9,2
644,0,2
644,1,4
644,2,0
644,3,5
644,4,6
644,5,3
644,6,9
644,7,7
644,8,8
644,9,1
645,0,3
645,1,2
645,2,1
645,3,9
645,4,6
645,5,4
645,6,7
645,7,8
645,8,5
645,9,0
646,0,2
646,1,5
646,2,6
646,3,7
646,4,4
646,5,8
646,6,3
646,7,1
646,8,0
646,9,9
647,0,5
647,1,9
647,2,6
647,3,0
647,4,7
647,5,4
647,6,1
647,7,8
647,8,2
647,9,3
648,0,5
648,1,2
648,2,0
648,3,7
648,4,1
648,5,8
648,6,9
648,7,4
648,8,6
648,9,3
649,0,2
649,1,4
649,2,1
649,3,5
649,4,6
649,5,3
649,6,7
649,7,9
649,8,8
649,9,0
650,0,7
650,1,8
650,2,6
650,3,0
650,4,4
650,5,9
650,6,2
650,7,3
650,8,5
650,9,1
651,0,7
651,1,2
651,2,8
651,3,1
651,4,9
651,5,4
651,6,3
651,7,5
651,8,0
651,9,6
652,0,4
652,1,8
652,2,3
652,3,7
652,4,0
652,5,6
652,6,5
652,7,1
652,8,2
652,9,9
653,0,8
653,1,9
653,2,3
653,3,4
653,4,7
653,5,1
653,6,0
653,7,5
653,8,6
653,9,2
654,0,5
654,1,2
654,2,9
654,3,4
654,4,6
654,5,0
654,6,3
654,7,1
654,8,7
654,9,8
655,0,0
655,1,4
655,2,5
655,3,2
655,4,6
655,5,7
655,6,1
655,7,3
655,8,8
655,9,9
656,0,0
656,1,5
656,2,2
656,3,6
656,4,9
656,5,7
656,6,8
656,7,4
656,8,1
656,9,3
657,0,4
657,1,2
657,2,5
657,3,8
657,4,1
657,5,9
657,6,3
657,7,7
657,8,0
657,9,6
658,0,0
658,1,7
658,2,1
658,3,5
658,4,3
658,5,6
658,6,2
658,7,8
658,8,9
658,9,4
659,0,4
659,1,0
659,2,6
659,3,3
659,4,7
659,5,2
659,6,8
659,7,9
659,8,1
659,9,5
660,0,7
660,1,5
660,2,9
660,3,1
660,4,2
660,5,0
660,6,3
660,7,8
660,8,6
660,9,4
661,0,1
661,1,9
661,2,0
661,3,3
661,4,6
661,5,4
661,6,7
661,7,8
661,8,2
661,9,5
662,0,5
662,1,1
662,2,7
662,3,4
662,4,6
662,5,8
662,6,3
662,7,9
662,8,2
662,9,0
663,0,3
663,1,5
663,2,1
663,3,2
663,4,7
663,5,0
663,6,9
663,7,8
663,8,4
663,9,6
664,0,3
664,1,8
664,2,5
664,3,9
664,4,0
664,5,6
664,6,2
664,7,1
664,8,7
664,9,4
665,0,4
665,1,5
665,2,0
665,3,6
665,4,7
665,5,2
665,6,8
665,7,1
665,8,9
665,9,3
666,0,1
666,1,5
666,2,6
666,3,3
666,4,7
666,5,8
666,6,2
666,7,0
666,8,4
666,9,9
667,0,4
667,1,0
667,2,5
667,3,9
667,4,3
667,5,6
667,6,7
667,7,2
667,8,1
667,9,8
668,0,9
668,1,6
668,2,1
668,3,7
668,4,5
668,5,8
668,6,0
668,7,2
668,8,4
668,9,3
669,0,7
669,1,2
669,2,8
669,3,1
669,4,3
669,5,6
669,6,5
669,7,0
669,8,9
669,9,4
670,0,6
670,1,7
670,2,5
670,3,0
670,4,1
670,5,4
670,6,9
670,7,3
670,8,8
670,9,2
671,0,5
671,1,6
671,2,3
671,3,0
671,4,2
671,5,9
671,6,1
671,7,8
671,8,4
671,9,7
672,0,4
672,1,0
672,2,5
672,3,3
672,4,6
672,5,9
672,6,7
672,7,8
672,8,1
672,9,2
673,0,1
673,1,5
673,2,3
673,3,4
673,4,6
673,5,0
673,6,7
673,7,8
673,8,9
673,9,2
674,0,5
674,1,9
674,2,3
674,3,1
674,4,4
674,5,0
674,6,6
674,7,7
674,8,2
674,9,8
675,0,4
675,1,8
675,2,0
675,3,1
675,4,9
675,5,6
675,6,2
675,7,3
675,8,7
675,9,5
676,0,6
676,1,4
676,2,9
676,3,5
676,4,1
676,5,3
676,6,0
676,7,8
676,8,2
676,9,7
677,0,0
677,1,4
677,2,3
677,3,6
677,4,1
677,5,8
677,6,9
677,7,2
677,8,7
677,9,5
678,0,5
678,1,6
678,2,1
678,3,0
678,4,7
678,5,2
678,6,9
678,7,8
678,8,4
678,9,3
679,0,2
679,1,3
679,2,1
679,3,4
679,4,6
679,5,0
679,6,9
679,7,8
679,8,5
679,9,7
680,0,1
680,1,9
680,2,4
680,3,6
680,4,8
680,5,7
680,6,3
680,7,0
680,8,5
680,9,2
681,0,6
681,1,5
681,2,4
681,3,2
681,4,0
681,5,9
681,6,7
681,7,1
681,8,3
681,9,8
682,0,8
682,1,1
682,2,6
682,3,4
682,4,7
682,5,5
682,6,9
682,7,2
682,8,0
682,9,3
683,0,4
683,1,0
683,2,2
683,3,5
683,4,3
683,5,6
683,6,7
683,7,8
683,8,1
683,9,9
684,0,1
684,1,2
684,2,0
684,3,6
684,4,7
684,5,5
684,6,9
684,7,3
684,8,8
684,9,4
685,0,6
685,1,5
685,2,2
685,3,7
685,4,1
685,5,3
685,6,8
685,7,4
685,8,9
685,9,0
686,0,2
686,1,4
686,2,1
686,3,8
686,4,7
686,5,6
686,6,9
686,7,3
686,8,0
686,9,5
687,0,1
687,1,0
687,2,5
687,3,9
687,4,3
687,5,8
687,6,2
687,7,7
687,8,4
687,9,6
688,0,0
688,1,9
688,2,1
688,3,4
688,4,3
688,5,5
688,6,7
688,7,6
688,8,8
688,9,2
689,0,0
689,1,6
689,2,7
689,3,1
689,4,9
689,5,3
689,6,8
689,7,2
689,8,4
689,9,5
690,0,0
690,1,6
690,2,3
690,3,9
690,4,2
690,5,7
690,6,1
690,7,5
690,8,4
690,9,8
691,0,6
691,1,4
691,2,3
691,3,8
691,4,9
691,5,5
691,6,1
691,7,7
691,8,2
691,9,0
692,0,6
692,1,0
692,2,9
692,3,4
692,4,8
692,5,2
692,6,5
692,7,7
692,8,3
692,9,1
693,0,7
693,1,2
693,2,5
693,3,8
693,4,1
693,5,3
693,6,4
693,7,9
693,8,0
693,9,6
694,0,1
694,1,4
694,2,0
694,3,9
694,4,5
694,5,6
694,6,2
694,7,3
694,8,7
694,9,8
695,0,5
695,1,3
695,2,2
695,3,4
695,4,9
695,5,6
695,6,7
695,7,8
695,8,0
695,9,1
696,0,7
696,1,2
696,2,6
696,3,8
696,4,4
696,5,5
696,6,9
696,7,1
696,8,3
696,9,0
697,0,0
697,1,9
697,2,3
697,3,8
697,4,7
697,5,2
697,6,6
697,7,5
697,8,4
697,9,1
698,0,2
698,1,5
698,2,6
698,3,3
698,4,0
698,5,1
698,6,9
698,7,7
698,8,4
698,9,8
699,0,1
699,1,5
699,2,6
699,3,7
699,4,9
699,5,8
699,6,2
699,7,3
699,8,4
699,9,0
700,0,6
700,1,8
700,2,5
700,3,3
700,4,7
700,5,2
700,6,1
700,7,0
700,8,9
700,9,4
701,0,4
701,1,5
701,2,6
701,3,0
701,4,9
701,5,2
701,6,3
701,7,7
701,8,1
701,9,8
702,0,0
702,1,6
702,2,2
702,3,9
702,4,7
702,5,4
702,6,1
702,7,5
702,8,8
702,9,3
703,0,7
703,1,0
703,2,1
703,3,2
703,4,3
703,5,8
703,6,9
703,7,6
703,8,4
703,9,5
704,0,4
704,1,5
704,2,1
704,3,2
704,4,0
704,5,6
704,6,7
704,7,9
704,8,3
704,9,8
705,0,6
705,1,3
705,2,9
705,3,0
705,4,2
705,5,4
705,6,8
705,7,7
705,8,1
705,9,5
706,0,5
706,1,4
706,2,6
706,3,9
706,4,2
706,5,1
706,6,8
706,7,7
706,8,3
706,9,0
707,0,5
707,1,3
707,2,0
707,3,9
707,4,1
707,5,2
707,6,6
707,7,7
707,8,8
707,9,4
708,0,1
708,1,8
708,2,0
708,3,7
708,4,3
708,5,6
708,6,2
708,7,5
708,8,4
708,9,9
709,0,5
709,1,6
709,2,4
709,3,0
709,4,7
709,5,8
709,6,3
709,7,1
709,8,2
709,9,9
710,0,2
710,1,0
710,2,7
710,3,1
710,4,6
710,5,8
710,6,4
710,7,3
710,8,5
710,9,9
711,0,1
711,1,4
711,2,3
711,3,6
711,4,8
711,5,9
711,6,7
711,7,0
711,8,2
711,9,5
712,0,8
712,1,7
712,2,4
712,3,6
712,4,9
712,5,3
712,6,2
712,7,1
712,8,0
712,9,5
713,0,3
713,1,5
713,2,1
713,3,6
713,4,0
713,5,7
713,6,4
713,7,8
713,8,9
713,9,2
714,0,1
714,1,2
714,2,5
714,3,9
714,4,0
714,5,4
714,6,6
714,7,7
714,8,3
714,9,8
715,0,5
715,1,1
715,2,6
715,3,0
715,4,7
715,5,2
715,6,8
715,7,9
715,8,4
715,9,3
716,0,2
716,1,9
716,2,0
716,3,6
716,4,4
716,5,3
716,6,1
716,7,8
716,8,5
716,9,7
717,0,1
717,1,8
717,2,0
717,3,9
717,4,6
717,5,7
717,6,2
717,7,5
717,8,3
717,9,4
718,0,4
718,1,5
718,2,2
718,3,6
718,4,3
718,5,7
718,6,0
718,7,9
718,8,1
718,9,8
719,0,4
719,1,9
719,2,5
719,3,6
719,4,0
719,5,3
719,6,2
719,7,7
719,8,8
719,9,1
720,0,3
720,1,9
720,2,5
720,3,2
720,4,0
720,5,1
720,6,6
720,7,4
720,8,7
720,9,8
721,0,9
721,1,4
721,2,5
721,3,6
721,4,2
721,5,3
721,6,1
721,7,7
721,8,8
721,9,0
722,0,6
722,1,0
722,2,3
722,3,7
722,4,8
722,5,1
722,6,2
722,7,4
722,8,9
722,9,5
723,0,8
723,1,5
723,2,7
723,3,4
723,4,2
723,5,1
723,6,6
723,7,3
723,8,9
723,9,0
724,0,2
724,1,6
724,2,9
724,3,7
724,4,5
724,5,1
724,6,3
724,7,0
724,8,8
724,9,4
725,0,8
725,1,6
725,2,3
725,3,7
725,4,1
725,5,0
725,6,2
725,7,4
725,8,9
725,9,5
726,0,8
726,1,9
726,2,7
726,3,4
726,4,5
726,5,6
726,6,3
726,7,1
726,8,2
726,9,0
727,0,1
727,1,4
727,2,8
727,3,7
727,4,3
727,5,6
727,6,5
727,7,0
727,8,9
727,9,2
728,0,3
728,1,2
728,2,5
728,3,0
728,4,1
728,5,6
728,6,7
728,7,9
728,8,8
728,9,4
729,0,4
729,1,3
729,2,2
729,3,5
729,4,1
729,5,9
729,6,0
729,7,6
729,8,7
729,9,8
730,0,4
730,1,3
730,2,2
730,3,5
730,4,0
730,5,9
730,6,1
730,7,6
730,8,7
730,9,8
731,0,6
731,1,8
731,2,5
731,3,3
731,4,1
731,5,4
731,6,7
731,7,9
731,8,2
731,9,0
732,0,3
732,1,5
732,2,6
732,3,7
732,4,9
732,5,8
732,6,0
732,7,1
732,8,4
732,9,2
733,0,5
733,1,3
733,2,9
733,3,0
733,4,1
733,5,2
733,6,6
733,7,7
733,8,4
733,9,8
734,0,1
734,1,5
734,2,2
734,3,6
734,4,7
734,5,4
734,6,0
734,7,3
734,8,8
734,9,9
735,0,1
735,1,5
735,2,9
735,3,6
735,4,7
735,5,8
735,6,3
735,7,4
735,8,2
735,9,0
736,0,9
736,1,1
736,2,4
736,3,5
736,4,3
736,5,6
736,6,0
736,7,2
736,8,7
736,9,8
737,0,4
737,1,5
737,2,6
737,3,9
737,4,7
737,5,2
737,6,1
737,7,3
737,8,0
737,9,8
738,0,0
738,1,6
738,2,3
738,3,2
738,4,5
738,5,9
738,6,8
738,7,4
738,8,7
738,9,1
739,0,3
739,1,0
739,2,1
739,3,4
739,4,2
739,5,9
739,6,5
739,7,6
739,8,7
739,9,8
740,0,3
740,1,1
740,2,2
740,3,4
740,4,9
740,5,7
740,6,8
740,7,6
740,8,5
740,9,0
741,0,4
741,1,6
741,2,5
741,3,8
741,4,3
741,5,2
741,6,7
741,7,9
741,8,1
741,9,0
742,0,5
742,1,0
742,2,3
742,3,4
742,4,6
742,5,7
742,6,9
742,7,1
742,8,8
742,9,2
743,0,4
743,1,9
743,2,5
743,3,3
743,4,8
743,5,1
743,6,0
743,7,6
743,8,2
743,9,7
744,0,6
744,1,9
744,2,2
744,3,1
744,4,0
744,5,5
744,6,7
744,7,4
744,8,3
744,9,8
745,0,0
745,1,1
745,2,7
745,3,3
745,4,2
745,5,9
745,6,5
745,7,4
745,8,6
745,9,8
746,0,0
746,1,5
746,2,1
746,3,6
746,4,7
746,5,2
746,6,9
746,7,3
746,8,8
746,9,4
747,0,3
747,1,9
747,2,4
747,3,1
747,4,0
747,5,5
747,6,6
747,7,7
747,8,2
747,9,8
748,0,2
748,1,7
748,2,3
748,3,6
748,4,1
748,5,5
748,6,0
748,7,9
748,8,8
748,9,4
749,0,3
749,1,6
749,2,1
749,3,7
749,4,5
749,5,2
749,6,0
749,7,4
749,8,9
749,9,8
750,0,9
750,1,5
750,2,6
750,3,7
750,4,2
750,5,4
750,6,0
750,7,1
750,8,8
750,9,3
751,0,4
751,1,1
751,2,5
751,3,0
751,4,6
751,5,2
751,6,7
751,7,3
751,8,9
751,9,8
752,0,4
752,1,3
752,2,8
752,3,6
752,4,5
752,5,2
752,6,1
752,7,9
752,8,0
752,9,7
753,0,1
753,1,4
753,2,5
753,3,3
753,4,9
753,5,6
753,6,0
753,7,7
753,8,2
753,9,8
754,0,1
754,1,9
754,2,4
754,3,8
754,4,2
754,5,6
754,6,3
754,7,0
754,8,5
754,9,7
755,0,2
755,1,1
755,2,8
755,3,4
755,4,5
755,5,3
755,6,0
755,7,6
755,8,7
755,9,9
756,0,8
756,1,7
756,2,2
756,3,3
756,4,0
756,5,1
756,6,9
756,7,6
756,8,4
756,9,5
757,0,3
757,1,4
757,2,2
757,3,0
757,4,5
757,5,1
757,6,9
757,7,6
757,8,7
757,9,8
758,0,1
758,1,5
758,2,9
758,3,6
758,4,2
758,5,0
758,6,7
758,7,4
758,8,8
758,9,3
759,0,1
759,1,5
759,2,0
759,3,6
759,4,7
759,5,2
759,6,8
759,7,3
759,8,9
759,9,4
760,0,9
760,1,5
760,2,2
760,3,3
760,4,6
760,5,7
760,6,1
760,7,8
760,8,0
760,9,4
761,0,0
761,1,4
761,2,2
761,3,3
761,4,5
761,5,6
761,6,1
761,7,7
761,8,8
761,9,9
762,0,3
762,1,4
762,2,5
762,3,6
762,4,7
762,5,0
762,6,9
762,7,1
762,8,2
762,9,8
763,0,1
763,1,6
763,2,8
763,3,4
763,4,5
763,5,9
763,6,3
763,7,2
763,8,0
763,9,7
764,0,5
764,1,6
764,2,2
764,3,7
764,4,0
764,5,3
764,6,9
764,7,1
764,8,4
764,9,8
765,0,5
765,1,3
765,2,8
765,3,9
765,4,1
765,5,0
765,6,6
765,7,2
765,8,7
765,9,4
766,0,5
766,1,2
766,2,7
766,3,1
766,4,6
766,5,8
766,6,4
766,7,9
766,8,0
766,9,3
767,0,4
767,1,0
767,2,3
767,3,5
767,4,9
767,5,6
767,6,7
767,7,1
767,8,8
767,9,2
768,0,3
768,1,8
768,2,7
768,3,6
768,4,9
768,5,2
768,6,5
768,7,1
768,8,0
768,9,4
769,0,7
769,1,0
769,2,5
769,3,6
769,4,2
769,5,4
769,6,3
769,7,9
769,8,1
769,9,8
770,0,1
770,1,9
770,2,6
770,3,8
770,4,0
770,5,5
770,6,3
770,7,2
770,8,7
770,9,4
771,0,1
771,1,9
771,2,5
771,3,6
771,4,3
771,5,2
771,6,8
771,7,7
771,8,4
771,9,0
772,0,0
772,1,8
772,2,3
772,3,2
772,4,4
772,5,5
772,6,7
772,7,9
772,8,1
772,9,6
773,0,0
773,1,3
773,2,8
773,3,2
773,4,6
773,5,7
773,6,4
773,7,5
773,8,1
773,9,9
774,0,0
774,1,4
774,2,5
774,3,6
774,4,7
774,5,9
774,6,8
774,7,3
774,8,2
774,9,1
775,0,1
775,1,2
775,2,3
775,3,8
775,4,9
775,5,4
775,6,7
775,7,6
775,8,0
775,9,5
776,0,5
776,1,0
776,2,9
776,3,6
776,4,7
776,5,1
776,6,8
776,7,3
776,8,2
776,9,4
777,0,1
777,1,5
777,2,4
777,3,7
777,4,3
777,5,2
777,6,6
777,7,9
777,8,0
777,9,8
778,0,3
778,1,0
778,2,9
778,3,6
778,4,8
778,5,7
778,6,4
778,7,2
778,8,1
778,9,5
779,0,4
779,1,5
779,2,6
779,3,9
779,4,3
779,5,1
779,6,0
779,7,7
779,8,2
779,9,8
780,0,8
780,1,9
780,2,6
780,3,2
780,4,5
780,5,3
780,6,1
780,7,4
780,8,0
780,9,7
781,0,1
781,1,6
781,2,2
781,3,7
781,4,3
781,5,8
781,6,5
781,7,9
781,8,0
781,9,4
782,0,5
782,1,7
782,2,8
782,3,4
782,4,1
782,5,0
782,6,2
782,7,6
782,8,3
782,9,9
783,0,4
783,1,1
783,2,2
783,3,9
783,4,5
783,5,6
783,6,7
783,7,0
783,8,8
783,9,3
784,0,2
784,1,5
784,2,3
784,3,6
784,4,7
784,5,1
784,6,0
784,7,8
784,8,9
784,9,4
785,0,5
785,1,2
785,2,8
785,3,9
785,4,7
785,5,0
785,6,1
785,7,6
785,8,4
785,9,3
786,0,2
786,1,6
786,2,9
786,3,4
786,4,7
786,5,8
786,6,1
786,7,5
786,8,3
786,9,0
787,0,0
787,1,1
787,2,4
787,3,5
787,4,7
787,5,8
787,6,6
787,7,9
787,8,3
787,9,2
788,0,8
788,1,4
788,2,7
788,3,2
788,4,1
788,5,6
788,6,3
788,7,9
788,8,0
788,9,5
789,0,1
789,1,4
789,2,5
789,3,6
789,4,2
789,5,7
789,6,3
789,7,8
789,8,0
789,9,9
790,0,4
790,1,5
790,2,6
790,3,9
790,4,2
790,5,1
790,6,3
790,7,0
790,8,7
790,9,8
791,0,0
791,1,3
791,2,5
791,3,6
791,4,7
791,5,2
791,6,9
791,7,1
791,8,4
791,9,8
792,0,0
792,1,2
792,2,8
792,3,5
792,4,3
792,5,7
792,6,1
792,7,9
792,8,6
792,9,4
793,0,5
793,1,6
793,2,7
793,3,4
793,4,1
793,5,9
793,6,0
793,7,2
793,8,3
793,9,8
794,0,1
794,1,0
794,2,8
794,3,5
794,4,4
794,5,2
794,6,7
794,7,6
794,8,3
794,9,9
795,0,8
795,1,7
795,2,2
795,3,4
795,4,1
795,5,3
795,6,5
795,7,6
795,8,9
795,9,0
796,0,0
796,1,3
796,2,9
796,3,6
796,4,2
796,5,7
796,6,5
796,7,8
796,8,1
796,9,4
797,0,2
797,1,6
797,2,9
797,3,0
797,4,1
797,5,3
797,6,4
797,7,7
797,8,8
797,9,5
798,0,9
798,1,1
798,2,5
798,3,6
798,4,7
798,5,8
798,6,2
798,7,0
798,8,3
798,9,4
799,0,0
799,1,3
799,2,9
799,3,1
799,4,7
799,5,6
799,6,4
799,7,8
799,8,2
799,9,5
800,0,5
800,1,6
800,2,1
800,3,7
800,4,0
800,5,8
800,6,2
800,7,3
800,8,9
800,9,4
801,0,4
801,1,1
801,2,5
801,3,6
801,4,0
801,5,3
801,6,7
801,7,2
801,8,9
801,9,8
802,0,8
802,1,4
802,2,7
802,3,3
802,4,2
802,5,6
802,6,1
802,7,9
802,8,0
802,9,5
803,0,5
803,1,6
803,2,0
803,3,4
803,4,1
803,5,7
803,6,3
803,7,2
803,8,8
803,9,9
804,0,2
804,1,1
804,2,4
804,3,0
804,4,3
804,5,5
804,6,6
804,7,8
804,8,7
804,9,9
805,0,5
805,1,6
805,2,3
805,3,0
805,4,7
805,5,9
805,6,2
805,7,4
805,8,1
805,9,8
806,0,8
806,1,3
806,2,4
806,3,1
806,4,7
806,5,2
806,6,0
806,7,6
806,8,9
806,9,5
807,0,7
807,1,6
807,2,4
807,3,0
807,4,5
807,5,2
807,6,8
807,7,1
807,8,9
807,9,3
808,0,2
808,1,4
808,2,1
808,3,5
808,4,3
808,5,6
808,6,9
808,7,7
808,8,8
808,9,0
809,0,6
809,1,4
809,2,5
809,3,0
809,4,2
809,5,7
809,6,8
809,7,9
809,8,3
809,9,1
810,0,5
810,1,9
810,2,3
810,3,6
810,4,1
810,5,4
810,6,2
810,7,7
810,8,0
810,9,8
811,0,2
811,1,5
811,2,1
811,3,9
811,4,6
811,5,0
811,6,3
811,7,7
811,8,8
811,9,4
812,0,0
812,1,5
812,2,8
812,3,3
812,4,9
812,5,2
812,6,1
812,7,7
812,8,6
812,9,4
813,0,4
813,1,5
813,2,6
813,3,0
813,4,9
813,5,2
813,6,7
813,7,1
813,8,8
813,9,3
814,0,2
814,1,4
814,2,5
814,3,1
814,4,6
814,5,7
814,6,0
814,7,9
814,8,8
814,9,3
815,0,1
815,1,3
815,2,5
815,3,9
815,4,2
815,5,6
815,6,7
815,7,4
815,8,0
815,9,8
816,0,6
816,1,9
816,2,0
816,3,5
816,4,2
816,5,4
816,6,7
816,7,8
816,8,3
816,9,1
817,0,9
817,1,4
817,2,5
817,3,1
817,4,3
817,5,6
817,6,2
817,7,7
817,8,0
817,9,8
818,0,4
818,1,3
818,2,8
818,3,5
818,4,7
818,5,1
818,6,0
818,7,9
818,8,6
818,9,2
819,0,0
819,1,7
819,2,6
819,3,1
819,4,3
819,5,4
819,6,8
819,7,9
819,8,2
819,9,5
820,0,4
820,1,1
820,2,5
820,3,0
820,4,6
820,5,3
820,6,7
820,7,2
820,8,8
820,9,9
821,0,9
821,1,0
821,2,3
821,3,4
821,4,2
821,5,5
821,6,6
821,7,1
821,8,7
821,9,8
822,0,9
822,1,2
822,2,0
822,3,6
822,4,7
822,5,5
822,6,4
822,7,3
822,8,1
822,9,8
823,0,4
823,1,2
823,2,5
823,3,1
823,4,6
823,5,7
823,6,3
823,7,0
823,8,8
823,9,9
824,0,1
824,1,3
824,2,2
824,3,8
824,4,0
824,5,5
824,6,6
824,7,9
824,8,4
824,9,7
825,0,8
825,1,7
825,2,0
825,3,5
825,4,1
825,5,9
825,6,6
825,7,4
825,8,2
825,9,3
826,0,7
826,1,5
826,2,6
826,3,1
826,4,2
826,5,9
826,6,0
826,7,3
826,8,8
826,9,4
827,0,2
827,1,5
827,2,1
827,3,0
827,4,8
827,5,7
827,6,4
827,7,6
827,8,9
827,9,3
828,0,2
828,1,4
828,2,5
828,3,6
828,4,9
828,5,0
828,6,7
828,7,1
828,8,8
828,9,3
829,0,8
829,1,0
829,2,9
829,3,4
829,4,2
829,5,3
829,6,7
829,7,1
829,8,6
829,9,5
830,0,4
830,1,1
830,2,3
830,3,6
830,4,2
830,5,5
830,6,8
830,7,7
830,8,9
830,9,0
831,0,1
831,1,6
831,2,5
831,3,0
831,4,8
831,5,4
831,6,7
831,7,2
831,8,3
831,9,9
832,0,0
832,1,1
832,2,4
832,3,5
832,4,6
832,5,7
832,6,3
832,7,8
832,8,2
832,9,9
833,0,7
833,1,4
833,2,3
833,3,6
833,4,0
833,5,8
833,6,9
833,7,1
833,8,2
833,9,5
834,0,1
834,1,9
834,2,3
834,3,0
834,4,2
834,5,5
834,6,8
834,7,7
834,8,4
834,9,6
835,0,3
835,1,5
835,2,0
835,3,6
835,4,7
835,5,1
835,6,8
835,7,9
835,8,2
835,9,4
836,0,8
836,1,6
836,2,4
836,3,1
836,4,0
836,5,5
836,6,7
836,7,2
836,8,3
836,9,9
837,0,1
837,1,6
837,2,5
837,3,8
837,4,9
837,5,0
837,6,4
837,7,7
837,8,2
837,9,3
838,0,5
838,1,4
838,2,9
838,3,0
838,4,2
838,5,6
838,6,7
838,7,8
838,8,1
838,9,3
839,0,3
839,1,9
839,2,2
839,3,6
839,4,4
839,5,0
839,6,5
839,7,7
839,8,1
839,9,8
840,0,7
840,1,6
840,2,0
840,3,5
840,4,9
840,5,4
840,6,1
840,7,8
840,8,2
840,9,3
841,0,4
841,1,8
841,2,2
841,3,6
841,4,9
841,5,7
841,6,5
841,7,0
841,8,1
841,9,3
842,0,5
842,1,0
842,2,6
842,3,7
842,4,3
842,5,9
842,6,4
842,7,8
842,8,1
842,9,2
843,0,2
843,1,9
843,2,1
843,3,0
843,4,4
843,5,5
843,6,6
843,7,7
843,8,3
843,9,8
844,0,1
844,1,5
844,2,3
844,3,2
844,4,6
844,5,4
844,6,7
844,7,9
844,8,8
844,9,0
845,0,5
845,1,6
845,2,2
845,3,7
845,4,9
845,5,4
845,6,8
845,7,3
845,8,0
845,9,1
846,0,5
846,1,8
846,2,1
846,3,3
846,4,2
846,5,0
846,6,6
846,7,9
846,8,7
846,9,4
847,0,4
847,1,3
847,2,6
847,3,1
847,4,9
847,5,0
847,6,5
847,7,8
847,8,7
847,9,2
848,0,2
848,1,9
848,2,5
848,3,1
848,4,4
848,5,6
848,6,7
848,7,3
848,8,0
848,9,8
849,0,6
849,1,8
849,2,3
849,3,7
849,4,5
849,5,0
849,6,2
849,7,4
849,8,9
849,9,1
850,0,2
850,1,9
850,2,4
850,3,3
850,4,6
850,5,7
850,6,8
850,7,1
850,8,0
850,9,5
851,0,6
851,1,9
851,2,7
851,3,2
851,4,8
851,5,0
851,6,5
851,7,1
851,8,4
851,9,3
852,0,3
852,1,2
852,2,6
852,3,9
852,4,1
852,5,8
852,6,4
852,7,5
852,8,7
852,9,0
853,0,9
853,1,5
853,2,1
853,3,2
853,4,3
853,5,0
853,6,6
853,7,7
853,8,8
853,9,4
854,0,5
854,1,6
854,2,2
854,3,0
854,4,9
854,5,7
854,6,4
854,7,8
854,8,3
854,9,1
855,0,4
855,1,2
855,2,9
855,3,6
855,4,7
855,5,5
855,6,1
855,7,8
855,8,0
855,9,3
856,0,7
856,1,0
856,2,4
856,3,8
856,4,3
856,5,9
856,6,5
856,7,2
856,8,1
856,9,6
857,0,1
857,1,5
857,2,6
857,3,7
857,4,9
857,5,2
857,6,3
857,7,8
857,8,0
857,9,4
858,0,5
858,1,1
858,2,0
858,3,6
858,4,2
858,5,7
858,6,3
858,7,8
858,8,9
858,9,4
859,0,5
859,1,0
859,2,6
859,3,9
859,4,1
859,5,2
859,6,7
859,7,4
859,8,8
859,9,3
860,0,0
860,1,5
860,2,1
860,3,6
860,4,2
860,5,4
860,6,3
860,7,7
860,8,8
860,9,9
861,0,9
861,1,5
861,2,1
861,3,6
861,4,4
861,5,3
861,6,7
861,7,0
861,8,8
861,9,2
862,0,3
862,1,1
862,2,4
862,3,5
862,4,6
862,5,7
862,6,0
862,7,9
862,8,8
862,9,2
863,0,1
863,1,2
863,2,4
863,3,5
863,4,3
863,5,6
863,6,7
863,7,0
863,8,9
863,9,8
864,0,2
864,1,7
864,2,4
864,3,9
864,4,1
864,5,6
864,6,0
864,7,3
864,8,8
864,9,5
865,0,7
865,1,5
865,2,6
865,3,1
865,4,4
865,5,0
865,6,8
865,7,3
865,8,2
865,9,9
866,0,0
866,1,1
866,2,5
866,3,3
866,4,4
866,5,6
866,6,2
866,7,9
866,8,7
866,9,8
867,0,5
867,1,6
867,2,3
867,3,9
867,4,0
867,5,2
867,6,1
867,7,4
867,8,8
867,9,7
868,0,4
868,1,5
868,2,6
868,3,3
868,4,9
868,5,7
868,6,2
868,7,0
868,8,1
868,9,8
869,0,0
869,1,8
869,2,4
869,3,6
869,4,9
869,5,7
869,6,3
869,7,5
869,8,1
869,9,2
870,0,3
870,1,2
870,2,6
870,3,7
870,4,1
870,5,8
870,6,0
870,7,9
870,8,4
870,9,5
871,0,0
871,1,5
871,2,8
871,3,6
871,4,7
871,5,9
871,6,4
871,7,3
871,8,1
871,9,2
872,0,7
872,1,2
872,2,1
872,3,6
872,4,5
872,5,8
872,6,4
872,7,9
872,8,0
872,9,3
873,0,0
873,1,1
873,2,4
873,3,9
873,4,8
873,5,7
873,6,5
873,7,3
873,8,6
873,9,2
874,0,8
874,1,9
874,2,4
874,3,3
874,4,7
874,5,2
874,6,5
874,7,1
874,8,0
874,9,6
875,0,8
875,1,6
875,2,0
875,3,2
875,4,3
875,5,5
875,6,4
875,7,9
875,8,7
875,9,1
876,0,7
876,1,9
876,2,1
876,3,8
876,4,3
876,5,5
876,6,0
876,7,6
876,8,4
876,9,2
877,0,0
877,1,5
877,2,6
877,3,7
877,4,2
877,5,4
877,6,1
877,7,8
877,8,3
877,9,9
878,0,0
878,1,3
878,2,7
878,3,5
878,4,8
878,5,6
878,6,4
878,7,9
878,8,1
878,9,2
879,0,5
879,1,6
879,2,2
879,3,4
879,4,0
879,5,7
879,6,1
879,7,9
879,8,3
879,9,8
880,0,3
880,1,4
880,2,5
880,3,1
880,4,6
880,5,7
880,6,8
880,7,2
880,8,0
880,9,9
881,0,3
881,1,2
881,2,9
881,3,1
881,4,5
881,5,6
881,6,7
881,7,8
881,8,0
881,9,4
882,0,0
882,1,7
882,2,1
882,3,2
882,4,8
882,5,3
882,6,5
882,7,4
882,8,6
882,9,9
883,0,1
883,1,5
883,2,6
883,3,3
883,4,4
883,5,2
883,6,9
883,7,7
883,8,8
883,9,0
884,0,5
884,1,4
884,2,2
884,3,3
884,4,1
884,5,9
884,6,6
884,7,7
884,8,8
884,9,0
885,0,1
885,1,2
885,2,7
885,3,0
885,4,8
885,5,4
885,6,5
885,7,9
885,8,6
885,9,3
886,0,4
886,1,0
886,2,5
886,3,1
886,4,3
886,5,6
886,6,7
886,7,2
886,8,9
886,9,8
887,0,8
887,1,9
887,2,5
887,3,1
887,4,4
887,5,7
887,6,3
887,7,0
887,8,6
887,9,2
888,0,4
888,1,8
888,2,0
888,3,7
888,4,2
888,5,6
888,6,1
888,7,3
888,8,5
888,9,9
889,0,7
889,1,4
889,2,9
889,3,5
889,4,0
889,5,1
889,6,6
889,7,2
889,8,3
889,9,8
890,0,2
890,1,5
890,2,4
890,3,6
890,4,7
890,5,9
890,6,0
890,7,1
890,8,8
890,9,3
891,0,4
891,1,5
891,2,2
891,3,6
891,4,3
891,5,7
891,6,1
891,7,0
891,8,8
891,9,9
892,0,5
892,1,6
892,2,2
892,3,0
892,4,7
892,5,3
892,6,8
892,7,1
892,8,9
892,9,4
893,0,1
893,1,5
893,2,4
893,3,3
893,4,2
893,5,0
893,6,9
893,7,6
893,8,7
893,9,8
894,0,4
894,1,3
894,2,2
894,3,5
894,4,6
894,5,7
894,6,8
894,7,9
894,8,1
894,9,0
895,0,4
895,1,0
895,2,1
895,3,5
895,4,2
895,5,6
895,6,3
895,7,9
895,8,7
895,9,8
896,0,4
896,1,5
896,2,6
896,3,0
896,4,7
896,5,9
896,6,1
896,7,3
896,8,2
896,9,8
897,0,0
897,1,1
897,2,2
897,3,8
897,4,9
897,5,4
897,6,5
897,7,7
897,8,3
897,9,6
898,0,7
898,1,8
898,2,4
898,3,6
898,4,2
898,5,3
898,6,5
898,7,1
898,8,9
898,9,0
899,0,4
899,1,3
899,2,9
899,3,5
899,4,1
899,5,2
899,6,0
899,7,6
899,8,7
899,9,8
900,0,8
900,1,9
900,2,3
900,3,6
900,4,5
900,5,2
900,6,1
900,7,7
900,8,0
900,9,4
901,0,3
901,1,6
901,2,5
901,3,7
901,4,2
901,5,4
901,6,0
901,7,8
901,8,9
901,9,1
902,0,9
902,1,4
902,2,5
902,3,6
902,4,2
902,5,0
902,6,1
902,7,7
902,8,3
902,9,8
903,0,9
903,1,3
903,2,0
903,3,2
903,4,1
903,5,5
903,6,6
903,7,4
903,8,7
903,9,8
904,0,3
904,1,6
904,2,9
904,3,1
904,4,0
904,5,5
904,6,7
904,7,4
904,8,2
904,9,8
905,0,5
905,1,8
905,2,4
905,3,7
905,4,2
905,5,9
905,6,6
905,7,0
905,8,1
905,9,3
906,0,5
906,1,2
906,2,9
906,3,6
906,4,0
906,5,7
906,6,3
906,7,4
906,8,1
906,9,8
907,0,3
907,1,7
907,2,9
907,3,4
907,4,8
907,5,2
907,6,1
907,7,0
907,8,6
907,9,5
908,0,5
908,1,9
908,2,6
908,3,1
908,4,0
908,5,2
908,6,3
908,7,7
908,8,4
908,9,8
909,0,7
909,1,9
909,2,5
909,3,8
909,4,1
909,5,4
909,6,3
909,7,0
909,8,6
909,9,2
910,0,0
910,1,4
910,2,1
910,3,5
910,4,6
910,5,7
910,6,9
910,7,8
910,8,3
910,9,2
911,0,5
911,1,3
911,2,1
911,3,8
911,4,6
911,5,4
911,6,0
911,7,2
911,8,9
911,9,7
912,0,8
912,1,1
912,2,3
912,3,0
912,4,6
912,5,2
912,6,5
912,7,7
912,8,9
912,9,4
913,0,2
913,1,8
913,2,3
913,3,9
913,4,6
913,5,0
913,6,1
913,7,5
913,8,4
913,9,7
914,0,6
914,1,8
914,2,5
914,3,2
914,4,9
914,5,1
914,6,0
914,7,7
914,8,3
914,9,4
915,0,4
915,1,6
915,2,5
915,3,1
915,4,7
915,5,0
915,6,9
915,7,2
915,8,3
915,9,8
916,0,0
916,1,5
916,2,8
916,3,4
916,4,9
916,5,3
916,6,1
916,7,7
916,8,2
916,9,6
917,0,0
917,1,1
917,2,5
917,3,3
917,4,6
917,5,7
917,6,9
917,7,2
917,8,8
917,9,4
918,0,1
918,1,9
918,2,7
918,3,3
918,4,2
918,5,8
918,6,4
918,7,6
918,8,0
918,9,5
919,0,2
919,1,4
919,2,5
919,3,0
919,4,6
919,5,7
919,6,3
919,7,8
919,8,9
919,9,1
920,0,9
920,1,0
920,2,4
920,3,1
920,4,5
920,5,6
920,6,2
920,7,7
920,8,3
920,9,8
921,0,2
921,1,0
921,2,5
921,3,8
921,4,1
921,5,7
921,6,6
921,7,3
921,8,9
921,9,4
922,0,8
922,1,7
922,2,5
922,3,3
922,4,9
922,5,4
922,6,6
922,7,0
922,8,2
922,9,1
923,0,2
923,1,7
923,2,5
923,3,9
923,4,4
923,5,1
923,6,6
923,7,8
923,8,0
923,9,3
924,0,9
924,1,5
924,2,1
924,3,6
924,4,7
924,5,8
924,6,2
924,7,4
924,8,3
924,9,0
925,0,5
925,1,3
925,2,2
925,3,7
925,4,8
925,5,4
925,6,6
925,7,9
925,8,0
925,9,1
926,0,8
926,1,7
926,2,3
926,3,4
926,4,1
926,5,6
926,6,0
926,7,5
926,8,9
926,9,2
927,0,4
927,1,5
927,2,2
927,3,6
927,4,7
927,5,1
927,6,8
927,7,0
927,8,3
927,9,9
928,0,5
928,1,7
928,2,3
928,3,2
928,4,0
928,5,4
928,6,8
928,7,9
928,8,6
928,9,1
929,0,0
929,1,4
929,2,8
929,3,5
929,4,9
929,5,1
929,6,6
929,7,7
929,8,3
929,9,2
930,0,8
930,1,9
930,2,7
930,3,2
930,4,6
930,5,1
930,6,4
930,7,5
930,8,0
930,9,3
931,0,1
931,1,4
931,2,5
931,3,2
931,4,6
931,5,9
931,6,7
931,7,8
931,8,0
931,9,3
932,0,2
932,1,0
932,2,3
932,3,1
932,4,5
932,5,6
932,6,7
932,7,4
932,8,8
932,9,9
933,0,7
933,1,3
933,2,2
933,3,1
933,4,0
933,5,4
933,6,8
933,7,9
933,8,6
933,9,5
934,0,5
934,1,7
934,2,2
934,3,9
934,4,3
934,5,1
934,6,4
934,7,0
934,8,6
934,9,8
935,0,2
935,1,1
935,2,5
935,3,3
935,4,8
935,5,7
935,6,9
935,7,6
935,8,4
935,9,0
936,0,4
936,1,0
936,2,5
936,3,6
936,4,3
936,5,7
936,6,8
936,7,2
936,8,9
936,9,1
937,0,8
937,1,3
937,2,1
937,3,4
937,4,6
937,5,7
937,6,2
937,7,5
937,8,0
937,9,9
938,0,3
938,1,7
938,2,2
938,3,8
938,4,4
938,5,6
938,6,1
938,7,9
938,8,5
938,9,0
939,0,9
939,1,2
939,2,4
939,3,1
939,4,5
939,5,0
939,6,6
939,7,7
939,8,3
939,9,8
940,0,3
940,1,4
940,2,0
940,3,2
940,4,5
940,5,6
940,6,1
940,7,7
940,8,9
940,9,8
941,0,4
941,1,5
941,2,0
941,3,6
941,4,1
941,5,3
941,6,7
941,7,9
941,8,2
941,9,8
942,0,2
942,1,0
942,2,1
942,3,3
942,4,9
942,5,4
942,6,5
942,7,6
942,8,7
942,9,8
943,0,0
943,1,3
943,2,5
943,3,8
943,4,2
943,5,9
943,6,7
943,7,4
943,8,6
943,9,1
944,0,8
944,1,1
944,2,2
944,3,5
944,4,0
944,5,7
944,6,4
944,7,3
944,8,6
944,9,9
945,0,3
945,1,1
945,2,4
945,3,5
945,4,6
945,5,7
945,6,0
945,7,8
945,8,2
945,9,9
946,0,1
946,1,4
946,2,3
946,3,5
946,4,6
946,5,7
946,6,0
946,7,8
946,8,9
946,9,2
947,0,9
947,1,1
947,2,0
947,3,5
947,4,3
947,5,6
947,6,4
947,7,2
947,8,7
947,9,8
948,0,4
948,1,5
948,2,9
948,3,8
948,4,1
948,5,7
948,6,0
948,7,2
948,8,3
948,9,6
949,0,0
949,1,6
949,2,2
949,3,5
949,4,8
949,5,1
949,6,7
949,7,4
949,8,3
949,9,9
950,0,3
950,1,8
950,2,9
950,3,7
950,4,5
950,5,0
950,6,2
950,7,4
950,8,1
950,9,6
951,0,0
951,1,3
951,2,1
951,3,5
951,4,9
951,5,8
951,6,7
951,7,2
951,8,4
951,9,6
952,0,3
952,1,5
952,2,2
952,3,4
952,4,1
952,5,0
952,6,9
952,7,6
952,8,7
952,9,8
953,0,2
953,1,4
953,2,5
953,3,6
953,4,0
953,5,7
953,6,8
953,7,1
953,8,3
953,9,9
954,0,8
954,1,6
954,2,0
954,3,5
954,4,2
954,5,4
954,6,9
954,7,3
954,8,7
954,9,1
955,0,1
955,1,4
955,2,6
955,3,7
955,4,5
955,5,3
955,6,0
955,7,8
955,8,9
955,9,2
956,0,0
956,1,5
956,2,2
956,3,7
956,4,4
956,5,3
956,6,1
956,7,9
956,8,8
956,9,6
957,0,5
957,1,6
957,2,2
957,3,4
957,4,9
957,5,3
957,6,7
957,7,8
957,8,0
957,9,1
958,0,2
958,1,5
958,2,6
958,3,7
958,4,1
958,5,4
958,6,3
958,7,0
958,8,9
958,9,8
959,0,4
959,1,7
959,2,6
959,3,5
959,4,3
959,5,0
959,6,9
959,7,2
959,8,8
959,9,1
960,0,1
960,1,6
960,2,3
960,3,0
960,4,9
960,5,2
960,6,8
960,7,5
960,8,7
960,9,4
961,0,3
961,1,2
961,2,4
961,3,1
961,4,6
961,5,0
961,6,5
961,7,8
961,8,9
961,9,7
962,0,0
962,1,5
962,2,6
962,3,3
962,4,7
962,5,9
962,6,1
962,7,2
962,8,8
962,9,4
963,0,0
963,1,6
963,2,2
963,3,8
963,4,1
963,5,4
963,6,7
963,7,5
963,8,9
963,9,3
964,0,1
964,1,6
964,2,3
964,3,2
964,4,9
964,5,0
964,6,8
964,7,7
964,8,5
964,9,4
965,0,0
965,1,5
965,2,2
965,3,8
965,4,1
965,5,4
965,6,6
965,7,3
965,8,7
965,9,9
966,0,3
966,1,5
966,2,8
966,3,9
966,4,4
966,5,7
966,6,1
966,7,0
966,8,6
966,9,2
967,0,5
967,1,9
967,2,6
967,3,7
967,4,0
967,5,1
967,6,2
967,7,3
967,8,8
967,9,4
968,0,8
968,1,1
968,2,7
968,3,6
968,4,9
968,5,0
968,6,5
968,7,2
968,8,3
968,9,4
969,0,0
969,1,5
969,2,1
969,3,6
969,4,7
969,5,4
969,6,3
969,7,8
969,8,9
969,9,2
970,0,0
970,1,2
970,2,8
970,3,6
970,4,3
970,5,7
970,6,4
970,7,9
970,8,1
970,9,5
971,0,1
971,1,4
971,2,2
971,3,3
971,4,0
971,5,9
971,6,5
971,7,6
971,8,7
971,9,8
972,0,1
972,1,0
972,2,2
972,3,4
972,4,3
972,5,7
972,6,9
972,7,6
972,8,8
972,9,5
973,0,7
973,1,0
973,2,6
973,3,2
973,4,8
973,5,1
973,6,4
973,7,3
973,8,5
973,9,9
974,0,0
974,1,5
974,2,6
974,3,2
974,4,3
974,5,7
974,6,1
974,7,4
974,8,8
974,9,9
975,0,4
975,1,0
975,2,9
975,3,5
975,4,6
975,5,7
975,6,3
975,7,2
975,8,1
975,9,8
976,0,5
976,1,1
976,2,4
976,3,7
976,4,0
976,5,8
976,6,9
976,7,6
976,8,2
976,9,3
977,0,4
977,1,5
977,2,6
977,3,7
977,4,8
977,5,3
977,6,1
977,7,0
977,8,9
977,9,2
978,0,6
978,1,0
978,2,9
978,3,5
978,4,1
978,5,4
978,6,2
978,7,7
978,8,3
978,9,8
979,0,2
979,1,3
979,2,0
979,3,5
979,4,7
979,5,9
979,6,1
979,7,4
979,8,8
979,9,6
980,0,2
980,1,4
980,2,7
980,3,6
980,4,1
980,5,5
980,6,0
980,7,8
980,8,3
980,9,9
981,0,2
981,1,0
981,2,1
981,3,5
981,4,9
981,5,6
981,6,4
981,7,3
981,8,7
981,9,8
982,0,3
982,1,8
982,2,4
982,3,6
982,4,9
982,5,2
982,6,5
982,7,7
982,8,0
982,9,1
983,0,6
983,1,4
983,2,2
983,3,7
983,4,9
983,5,0
983,6,8
983,7,5
983,8,1
983,9,3
984,0,5
984,1,1
984,2,4
984,3,8
984,4,9
984,5,7
984,6,2
984,7,3
984,8,0
984,9,6
985,0,4
985,1,5
985,2,6
985,3,0
985,4,1
985,5,7
985,6,2
985,7,3
985,8,8
985,9,9
986,0,5
986,1,2
986,2,6
986,3,7
986,4,0
986,5,1
986,6,8
986,7,4
986,8,9
986,9,3
987,0,5
987,1,9
987,2,4
987,3,3
987,4,2
987,5,0
987,6,6
987,7,8
987,8,7
987,9,1
988,0,2
988,1,3
988,2,5
988,3,6
988,4,0
988,5,7
988,6,4
988,7,9
988,8,8
988,9,1
989,0,5
989,1,9
989,2,6
989,3,7
989,4,0
989,5,1
989,6,8
989,7,3
989,8,2
989,9,4
990,0,1
990,1,4
990,2,5
990,3,2
990,4,6
990,5,0
990,6,3
990,7,9
990,8,7
990,9,8
991,0,4
991,1,9
991,2,5
991,3,3
991,4,6
991,5,7
991,6,2
991,7,8
991,8,0
991,9,1
992,0,1
992,1,4
992,2,2
992,3,3
992,4,5
992,5,0
992,6,9
992,7,6
992,8,7
992,9,8
993,0,4
993,1,5
993,2,1
993,3,9
993,4,6
993,5,2
993,6,7
993,7,8
993,8,3
993,9,0
994,0,3
994,1,0
994,2,4
994,3,6
994,4,9
994,5,7
994,6,2
994,7,8
994,8,1
994,9,5
995,0,1
995,1,3
995,2,6
995,3,9
995,4,8
995,5,0
995,6,2
995,7,4
995,8,5
995,9,7
996,0,0
996,1,5
996,2,3
996,3,4
996,4,6
996,5,8
996,6,7
996,7,9
996,8,1
996,9,2
997,0,4
997,1,3
997,2,5
997,3,9
997,4,6
997,5,7
997,6,8
997,7,0
997,8,2
997,9,1
998,0,1
998,1,3
998,2,5
998,3,6
998,4,2
998,5,0
998,6,9
998,7,7
998,8,8
998,9,4
999,0,2
999,1,0
999,2,6
999,3,1
999,4,7
999,5,9
999,6,5
999,7,8
999,8,4
999,9,3
1000,0,1
1000,1,0
1000,2,4
1000,3,3
1000,4,9
1000,5,5
1000,6,6
1000,7,7
1000,8,8
1000,9,2
