graph_id,graph_label
0_0,0
0_1,8
0_2,4
0_3,6
0_4,5
0_5,0
0_6,1
0_7,1
0_8,1
0_9,0
1_0,5
1_1,1
1_2,0
1_3,1
1_4,1
1_5,4
1_6,0
1_7,0
1_8,0
1_9,0
2_0,9
2_1,8
2_2,6
2_3,4
2_4,3
2_5,2
2_6,0
2_7,0
2_8,1
2_9,0
3_0,5
3_1,8
3_2,7
3_3,5
3_4,0
3_5,0
3_6,0
3_7,1
3_8,1
3_9,0
4_0,3
4_1,0
4_2,0
4_3,5
4_4,1
4_5,1
4_6,0
4_7,0
4_8,0
4_9,0
5_0,9
5_1,2
5_2,7
5_3,2
5_4,4
5_5,1
5_6,3
5_7,1
5_8,1
5_9,0
6_0,8
6_1,0
6_2,0
6_3,0
6_4,1
6_5,4
6_6,0
6_7,1
6_8,1
6_9,0
7_0,9
7_1,8
7_2,7
7_3,4
7_4,3
7_5,2
7_6,3
7_7,2
7_8,0
7_9,0
8_0,9
8_1,6
8_2,7
8_3,5
8_4,0
8_5,1
8_6,1
8_7,1
8_8,1
8_9,0
9_0,7
9_1,6
9_2,5
9_3,3
9_4,0
9_5,3
9_6,0
9_7,1
9_8,1
9_9,0
10_0,9
10_1,5
10_2,4
10_3,2
10_4,5
10_5,1
10_6,2
10_7,0
10_8,1
10_9,0
11_0,3
11_1,6
11_2,3
11_3,1
11_4,1
11_5,4
11_6,3
11_7,1
11_8,1
11_9,0
12_0,4
12_1,8
12_2,4
12_3,1
12_4,0
12_5,1
12_6,1
12_7,2
12_8,1
12_9,0
13_0,9
13_1,6
13_2,7
13_3,2
13_4,5
13_5,1
13_6,1
13_7,1
13_8,1
13_9,0
14_0,7
14_1,6
14_2,5
14_3,4
14_4,4
14_5,4
14_6,1
14_7,0
14_8,1
14_9,0
15_0,5
15_1,5
15_2,1
15_3,0
15_4,0
15_5,2
15_6,2
15_7,1
15_8,1
15_9,0
16_0,6
16_1,7
16_2,6
16_3,6
16_4,0
16_5,0
16_6,1
16_7,1
16_8,1
16_9,0
17_0,0
17_1,0
17_2,0
17_3,2
17_4,0
17_5,0
17_6,2
17_7,2
17_8,0
17_9,0
18_0,9
18_1,8
18_2,6
18_3,1
18_4,0
18_5,0
18_6,3
18_7,0
18_8,0
18_9,0
19_0,0
19_1,1
19_2,7
19_3,6
19_4,0
19_5,0
19_6,3
19_7,2
19_8,1
19_9,0
20_0,0
20_1,1
20_2,1
20_3,3
20_4,0
20_5,1
20_6,0
20_7,2
20_8,1
20_9,0
21_0,0
21_1,6
21_2,3
21_3,3
21_4,0
21_5,0
21_6,2
21_7,2
21_8,0
21_9,0
22_0,7
22_1,4
22_2,3
22_3,0
22_4,4
22_5,2
22_6,3
22_7,0
22_8,0
22_9,0
23_0,9
23_1,3
23_2,5
23_3,3
23_4,0
23_5,4
23_6,3
23_7,0
23_8,0
23_9,0
24_0,6
24_1,4
24_2,2
24_3,0
24_4,5
24_5,4
24_6,1
24_7,1
24_8,0
24_9,0
25_0,9
25_1,8
25_2,6
25_3,5
25_4,1
25_5,1
25_6,3
25_7,0
25_8,1
25_9,0
26_0,9
26_1,0
26_2,1
26_3,1
26_4,0
26_5,0
26_6,3
26_7,2
26_8,1
26_9,0
27_0,9
27_1,6
27_2,2
27_3,0
27_4,1
27_5,1
27_6,2
27_7,2
27_8,1
27_9,0
28_0,8
28_1,7
28_2,7
28_3,6
28_4,0
28_5,0
28_6,1
28_7,1
28_8,1
28_9,0
29_0,0
29_1,2
29_2,2
29_3,2
29_4,1
29_5,0
29_6,0
29_7,1
29_8,0
29_9,0
30_0,5
30_1,3
30_2,4
30_3,4
30_4,2
30_5,1
30_6,1
30_7,2
30_8,1
30_9,0
31_0,9
31_1,8
31_2,7
31_3,4
31_4,3
31_5,1
31_6,2
31_7,1
31_8,1
31_9,0
32_0,8
32_1,4
32_2,4
32_3,2
32_4,2
32_5,0
32_6,0
32_7,1
32_8,0
32_9,0
33_0,2
33_1,4
33_2,3
33_3,2
33_4,0
33_5,4
33_6,1
33_7,0
33_8,1
33_9,0
34_0,8
34_1,8
34_2,5
34_3,6
34_4,5
34_5,0
34_6,1
34_7,1
34_8,1
34_9,0
35_0,0
35_1,4
35_2,0
35_3,5
35_4,0
35_5,1
35_6,0
35_7,1
35_8,1
35_9,0
36_0,7
36_1,4
36_2,6
36_3,6
36_4,4
36_5,4
36_6,0
36_7,0
36_8,0
36_9,0
37_0,4
37_1,7
37_2,7
37_3,0
37_4,3
37_5,0
37_6,0
37_7,1
37_8,1
37_9,0
38_0,5
38_1,1
38_2,1
38_3,2
38_4,4
38_5,0
38_6,1
38_7,1
38_8,0
38_9,0
39_0,4
39_1,1
39_2,5
39_3,5
39_4,2
39_5,0
39_6,3
39_7,1
39_8,1
39_9,0
40_0,3
40_1,1
40_2,2
40_3,3
40_4,0
40_5,2
40_6,2
40_7,1
40_8,0
40_9,0
41_0,9
41_1,3
41_2,0
41_3,5
41_4,4
41_5,2
41_6,2
41_7,0
41_8,0
41_9,0
42_0,0
42_1,2
42_2,6
42_3,1
42_4,0
42_5,3
42_6,2
42_7,1
42_8,0
42_9,0
43_0,8
43_1,5
43_2,5
43_3,0
43_4,2
43_5,1
43_6,1
43_7,1
43_8,0
43_9,0
44_0,0
44_1,8
44_2,0
44_3,0
44_4,5
44_5,0
44_6,0
44_7,1
44_8,1
44_9,0
45_0,9
45_1,8
45_2,7
45_3,6
45_4,5
45_5,4
45_6,2
45_7,1
45_8,0
45_9,0
46_0,9
46_1,7
46_2,1
46_3,5
46_4,3
46_5,0
46_6,0
46_7,0
46_8,0
46_9,0
47_0,6
47_1,6
47_2,7
47_3,5
47_4,0
47_5,0
47_6,0
47_7,2
47_8,0
47_9,0
48_0,1
48_1,7
48_2,0
48_3,6
48_4,4
48_5,1
48_6,3
48_7,0
48_8,0
48_9,0
49_0,9
49_1,7
49_2,7
49_3,6
49_4,2
49_5,1
49_6,1
49_7,1
49_8,1
49_9,0
50_0,8
50_1,7
50_2,5
50_3,5
50_4,5
50_5,4
50_6,0
50_7,0
50_8,0
50_9,0
51_0,7
51_1,5
51_2,0
51_3,1
51_4,0
51_5,1
51_6,0
51_7,0
51_8,0
51_9,0
52_0,8
52_1,1
52_2,7
52_3,6
52_4,2
52_5,2
52_6,0
52_7,1
52_8,1
52_9,0
53_0,2
53_1,5
53_2,0
53_3,1
53_4,3
53_5,3
53_6,0
53_7,0
53_8,0
53_9,0
54_0,3
54_1,2
54_2,7
54_3,1
54_4,3
54_5,3
54_6,1
54_7,2
54_8,0
54_9,0
55_0,9
55_1,2
55_2,7
55_3,1
55_4,5
55_5,0
55_6,1
55_7,1
55_8,1
55_9,0
56_0,3
56_1,6
56_2,5
56_3,6
56_4,0
56_5,0
56_6,3
56_7,1
56_8,1
56_9,0
57_0,8
57_1,8
57_2,2
57_3,5
57_4,0
57_5,1
57_6,2
57_7,2
57_8,1
57_9,0
58_0,8
58_1,8
58_2,2
58_3,0
58_4,1
58_5,3
58_6,0
58_7,0
58_8,1
58_9,0
59_0,9
59_1,8
59_2,7
59_3,2
59_4,0
59_5,3
59_6,0
59_7,2
59_8,0
59_9,0
60_0,7
60_1,4
60_2,4
60_3,3
60_4,0
60_5,3
60_6,2
60_7,1
60_8,0
60_9,0
61_0,7
61_1,3
61_2,3
61_3,0
61_4,1
61_5,0
61_6,1
61_7,1
61_8,1
61_9,0
62_0,4
62_1,2
62_2,6
62_3,5
62_4,0
62_5,4
62_6,2
62_7,1
62_8,0
62_9,0
63_0,9
63_1,7
63_2,6
63_3,1
63_4,3
63_5,2
63_6,3
63_7,0
63_8,1
63_9,0
64_0,8
64_1,4
64_2,6
64_3,3
64_4,3
64_5,1
64_6,0
64_7,1
64_8,1
64_9,0
65_0,8
65_1,8
65_2,4
65_3,5
65_4,0
65_5,4
65_6,1
65_7,1
65_8,1
65_9,0
66_0,9
66_1,2
66_2,7
66_3,4
66_4,1
66_5,3
66_6,1
66_7,1
66_8,1
66_9,0
67_0,0
67_1,1
67_2,5
67_3,4
67_4,3
67_5,2
67_6,0
67_7,0
67_8,1
67_9,0
68_0,0
68_1,6
68_2,6
68_3,2
68_4,4
68_5,0
68_6,0
68_7,2
68_8,1
68_9,0
69_0,7
69_1,8
69_2,7
69_3,2
69_4,1
69_5,0
69_6,0
69_7,1
69_8,1
69_9,0
70_0,6
70_1,7
70_2,0
70_3,0
70_4,3
70_5,4
70_6,0
70_7,0
70_8,1
70_9,0
71_0,2
71_1,0
71_2,2
71_3,1
71_4,4
71_5,0
71_6,1
71_7,0
71_8,1
71_9,0
72_0,5
72_1,2
72_2,5
72_3,1
72_4,1
72_5,0
72_6,2
72_7,1
72_8,0
72_9,0
73_0,9
73_1,0
73_2,6
73_3,6
73_4,3
73_5,0
73_6,0
73_7,1
73_8,0
73_9,0
74_0,4
74_1,8
74_2,5
74_3,4
74_4,2
74_5,1
74_6,1
74_7,2
74_8,1
74_9,0
75_0,1
75_1,5
75_2,3
75_3,1
75_4,0
75_5,2
75_6,1
75_7,0
75_8,0
75_9,0
76_0,3
76_1,7
76_2,7
76_3,1
76_4,5
76_5,2
76_6,0
76_7,1
76_8,0
76_9,0
77_0,6
77_1,0
77_2,2
77_3,0
77_4,3
77_5,1
77_6,0
77_7,0
77_8,1
77_9,0
78_0,0
78_1,2
78_2,0
78_3,0
78_4,2
78_5,4
78_6,1
78_7,2
78_8,0
78_9,0
79_0,0
79_1,4
79_2,5
79_3,3
79_4,0
79_5,2
79_6,0
79_7,1
79_8,0
79_9,0
80_0,9
80_1,2
80_2,1
80_3,3
80_4,3
80_5,4
80_6,1
80_7,0
80_8,0
80_9,0
81_0,2
81_1,7
81_2,2
81_3,5
81_4,5
81_5,0
81_6,0
81_7,1
81_8,1
81_9,0
82_0,9
82_1,1
82_2,1
82_3,0
82_4,3
82_5,2
82_6,0
82_7,0
82_8,1
82_9,0
83_0,0
83_1,6
83_2,7
83_3,6
83_4,5
83_5,0
83_6,1
83_7,0
83_8,0
83_9,0
84_0,0
84_1,0
84_2,1
84_3,4
84_4,0
84_5,0
84_6,3
84_7,1
84_8,0
84_9,0
85_0,8
85_1,8
85_2,7
85_3,1
85_4,1
85_5,1
85_6,1
85_7,0
85_8,1
85_9,0
86_0,8
86_1,5
86_2,0
86_3,3
86_4,0
86_5,0
86_6,3
86_7,1
86_8,0
86_9,0
87_0,4
87_1,0
87_2,1
87_3,1
87_4,0
87_5,1
87_6,0
87_7,0
87_8,0
87_9,0
88_0,2
88_1,8
88_2,0
88_3,1
88_4,5
88_5,0
88_6,2
88_7,0
88_8,0
88_9,0
89_0,5
89_1,0
89_2,0
89_3,1
89_4,4
89_5,2
89_6,0
89_7,0
89_8,1
89_9,0
90_0,9
90_1,8
90_2,6
90_3,5
90_4,5
90_5,1
90_6,1
90_7,1
90_8,1
90_9,0
91_0,2
91_1,3
91_2,3
91_3,6
91_4,2
91_5,0
91_6,0
91_7,0
91_8,0
91_9,0
92_0,0
92_1,1
92_2,3
92_3,1
92_4,5
92_5,1
92_6,0
92_7,1
92_8,0
92_9,0
93_0,4
93_1,3
93_2,7
93_3,2
93_4,1
93_5,2
93_6,2
93_7,2
93_8,1
93_9,0
94_0,3
94_1,8
94_2,7
94_3,5
94_4,4
94_5,0
94_6,0
94_7,0
94_8,1
94_9,0
95_0,8
95_1,7
95_2,5
95_3,5
95_4,1
95_5,1
95_6,1
95_7,1
95_8,1
95_9,0
96_0,5
96_1,0
96_2,3
96_3,2
96_4,1
96_5,3
96_6,3
96_7,0
96_8,0
96_9,0
97_0,7
97_1,6
97_2,7
97_3,3
97_4,4
97_5,0
97_6,1
97_7,2
97_8,1
97_9,0
98_0,9
98_1,1
98_2,4
98_3,0
98_4,0
98_5,0
98_6,0
98_7,0
98_8,0
98_9,0
99_0,9
99_1,4
99_2,3
99_3,4
99_4,0
99_5,0
99_6,0
99_7,2
99_8,1
99_9,0
100_0,2
100_1,8
100_2,1
100_3,0
100_4,4
100_5,4
100_6,2
100_7,1
100_8,0
100_9,0
101_0,5
101_1,6
101_2,0
101_3,6
101_4,5
101_5,4
101_6,2
101_7,0
101_8,0
101_9,0
102_0,5
102_1,4
102_2,5
102_3,6
102_4,5
102_5,4
102_6,0
102_7,1
102_8,0
102_9,0
103_0,1
103_1,7
103_2,2
103_3,6
103_4,0
103_5,0
103_6,0
103_7,0
103_8,0
103_9,0
104_0,5
104_1,5
104_2,7
104_3,5
104_4,0
104_5,0
104_6,0
104_7,0
104_8,0
104_9,0
105_0,3
105_1,6
105_2,4
105_3,5
105_4,0
105_5,3
105_6,0
105_7,2
105_8,1
105_9,0
106_0,8
106_1,8
106_2,0
106_3,1
106_4,5
106_5,2
106_6,0
106_7,0
106_8,1
106_9,0
107_0,9
107_1,8
107_2,7
107_3,2
107_4,4
107_5,0
107_6,1
107_7,2
107_8,0
107_9,0
108_0,0
108_1,3
108_2,1
108_3,2
108_4,1
108_5,1
108_6,0
108_7,2
108_8,1
108_9,0
109_0,6
109_1,1
109_2,6
109_3,5
109_4,4
109_5,1
109_6,1
109_7,2
109_8,1
109_9,0
110_0,0
110_1,1
110_2,2
110_3,4
110_4,2
110_5,1
110_6,0
110_7,1
110_8,0
110_9,0
111_0,9
111_1,7
111_2,5
111_3,5
111_4,5
111_5,4
111_6,2
111_7,2
111_8,0
111_9,0
112_0,8
112_1,5
112_2,1
112_3,5
112_4,1
112_5,1
112_6,1
112_7,0
112_8,1
112_9,0
113_0,8
113_1,2
113_2,0
113_3,2
113_4,4
113_5,0
113_6,3
113_7,0
113_8,0
113_9,0
114_0,6
114_1,2
114_2,1
114_3,5
114_4,3
114_5,0
114_6,0
114_7,0
114_8,0
114_9,0
115_0,3
115_1,7
115_2,0
115_3,3
115_4,5
115_5,0
115_6,1
115_7,0
115_8,1
115_9,0
116_0,9
116_1,5
116_2,2
116_3,3
116_4,2
116_5,2
116_6,2
116_7,0
116_8,1
116_9,0
117_0,0
117_1,5
117_2,0
117_3,1
117_4,0
117_5,2
117_6,1
117_7,0
117_8,1
117_9,0
118_0,2
118_1,5
118_2,4
118_3,4
118_4,2
118_5,0
118_6,2
118_7,1
118_8,0
118_9,0
119_0,9
119_1,7
119_2,4
119_3,2
119_4,0
119_5,3
119_6,0
119_7,1
119_8,0
119_9,0
120_0,8
120_1,8
120_2,5
120_3,5
120_4,5
120_5,3
120_6,0
120_7,0
120_8,0
120_9,0
121_0,8
121_1,7
121_2,4
121_3,3
121_4,5
121_5,1
121_6,2
121_7,0
121_8,0
121_9,0
122_0,8
122_1,1
122_2,7
122_3,2
122_4,0
122_5,0
122_6,0
122_7,0
122_8,1
122_9,0
123_0,2
123_1,0
123_2,6
123_3,4
123_4,0
123_5,3
123_6,0
123_7,2
123_8,0
123_9,0
124_0,8
124_1,0
124_2,2
124_3,3
124_4,4
124_5,2
124_6,2
124_7,1
124_8,1
124_9,0
125_0,2
125_1,5
125_2,5
125_3,0
125_4,4
125_5,0
125_6,1
125_7,0
125_8,0
125_9,0
126_0,9
126_1,3
126_2,0
126_3,1
126_4,4
126_5,1
126_6,0
126_7,0
126_8,1
126_9,0
127_0,0
127_1,2
127_2,4
127_3,1
127_4,0
127_5,0
127_6,2
127_7,0
127_8,0
127_9,0
128_0,2
128_1,3
128_2,3
128_3,2
128_4,0
128_5,1
128_6,3
128_7,2
128_8,0
128_9,0
129_0,2
129_1,1
129_2,4
129_3,6
129_4,1
129_5,0
129_6,2
129_7,1
129_8,1
129_9,0
130_0,5
130_1,1
130_2,1
130_3,1
130_4,2
130_5,0
130_6,2
130_7,1
130_8,1
130_9,0
131_0,5
131_1,0
131_2,3
131_3,1
131_4,1
131_5,4
131_6,0
131_7,1
131_8,0
131_9,0
132_0,8
132_1,7
132_2,6
132_3,6
132_4,0
132_5,0
132_6,0
132_7,2
132_8,0
132_9,0
133_0,4
133_1,8
133_2,3
133_3,6
133_4,4
133_5,4
133_6,0
133_7,0
133_8,0
133_9,0
134_0,5
134_1,8
134_2,6
134_3,5
134_4,1
134_5,3
134_6,2
134_7,0
134_8,1
134_9,0
135_0,9
135_1,5
135_2,3
135_3,2
135_4,0
135_5,3
135_6,1
135_7,2
135_8,0
135_9,0
136_0,8
136_1,6
136_2,6
136_3,4
136_4,3
136_5,1
136_6,3
136_7,2
136_8,0
136_9,0
137_0,6
137_1,7
137_2,7
137_3,6
137_4,5
137_5,0
137_6,3
137_7,1
137_8,1
137_9,0
138_0,1
138_1,8
138_2,7
138_3,3
138_4,4
138_5,1
138_6,0
138_7,0
138_8,1
138_9,0
139_0,5
139_1,8
139_2,5
139_3,4
139_4,1
139_5,2
139_6,3
139_7,0
139_8,1
139_9,0
140_0,8
140_1,1
140_2,7
140_3,5
140_4,1
140_5,0
140_6,0
140_7,2
140_8,0
140_9,0
141_0,6
141_1,6
141_2,4
141_3,4
141_4,4
141_5,1
141_6,3
141_7,0
141_8,1
141_9,0
142_0,8
142_1,1
142_2,7
142_3,6
142_4,5
142_5,0
142_6,0
142_7,1
142_8,1
142_9,0
143_0,6
143_1,7
143_2,6
143_3,5
143_4,5
143_5,0
143_6,0
143_7,0
143_8,0
143_9,0
144_0,8
144_1,7
144_2,7
144_3,6
144_4,4
144_5,0
144_6,1
144_7,1
144_8,1
144_9,0
145_0,2
145_1,8
145_2,6
145_3,2
145_4,5
145_5,0
145_6,0
145_7,2
145_8,0
145_9,0
146_0,0
146_1,5
146_2,7
146_3,6
146_4,3
146_5,0
146_6,3
146_7,0
146_8,1
146_9,0
147_0,7
147_1,7
147_2,6
147_3,5
147_4,1
147_5,2
147_6,1
147_7,0
147_8,1
147_9,0
148_0,4
148_1,3
148_2,0
148_3,2
148_4,5
148_5,1
148_6,0
148_7,1
148_8,1
148_9,0
149_0,8
149_1,8
149_2,0
149_3,2
149_4,2
149_5,4
149_6,0
149_7,0
149_8,1
149_9,0
150_0,6
150_1,6
150_2,1
150_3,2
150_4,0
150_5,3
150_6,2
150_7,0
150_8,0
150_9,0
151_0,1
151_1,0
151_2,2
151_3,6
151_4,5
151_5,3
151_6,3
151_7,2
151_8,0
151_9,0
152_0,7
152_1,7
152_2,5
152_3,4
152_4,4
152_5,3
152_6,0
152_7,1
152_8,0
152_9,0
153_0,6
153_1,8
153_2,4
153_3,6
153_4,2
153_5,3
153_6,1
153_7,1
153_8,1
153_9,0
154_0,0
154_1,4
154_2,7
154_3,5
154_4,0
154_5,0
154_6,3
154_7,2
154_8,0
154_9,0
155_0,0
155_1,2
155_2,4
155_3,1
155_4,0
155_5,2
155_6,1
155_7,0
155_8,0
155_9,0
156_0,9
156_1,5
156_2,6
156_3,5
156_4,5
156_5,4
156_6,3
156_7,2
156_8,0
156_9,0
157_0,7
157_1,4
157_2,5
157_3,6
157_4,0
157_5,2
157_6,0
157_7,1
157_8,0
157_9,0
158_0,0
158_1,3
158_2,2
158_3,6
158_4,1
158_5,0
158_6,2
158_7,1
158_8,0
158_9,0
159_0,3
159_1,7
159_2,7
159_3,3
159_4,4
159_5,0
159_6,0
159_7,0
159_8,0
159_9,0
160_0,9
160_1,1
160_2,1
160_3,5
160_4,0
160_5,3
160_6,0
160_7,0
160_8,0
160_9,0
161_0,9
161_1,2
161_2,4
161_3,3
161_4,4
161_5,3
161_6,0
161_7,2
161_8,1
161_9,0
162_0,2
162_1,7
162_2,6
162_3,6
162_4,0
162_5,4
162_6,0
162_7,1
162_8,1
162_9,0
163_0,7
163_1,8
163_2,3
163_3,0
163_4,2
163_5,3
163_6,0
163_7,0
163_8,0
163_9,0
164_0,8
164_1,8
164_2,1
164_3,0
164_4,3
164_5,1
164_6,0
164_7,0
164_8,0
164_9,0
165_0,9
165_1,3
165_2,2
165_3,5
165_4,3
165_5,0
165_6,1
165_7,2
165_8,0
165_9,0
166_0,9
166_1,2
166_2,7
166_3,3
166_4,3
166_5,0
166_6,1
166_7,2
166_8,0
166_9,0
167_0,1
167_1,0
167_2,1
167_3,0
167_4,1
167_5,0
167_6,0
167_7,0
167_8,1
167_9,0
168_0,9
168_1,2
168_2,3
168_3,4
168_4,2
168_5,3
168_6,0
168_7,2
168_8,0
168_9,0
169_0,9
169_1,8
169_2,4
169_3,1
169_4,3
169_5,2
169_6,2
169_7,0
169_8,1
169_9,0
170_0,9
170_1,4
170_2,2
170_3,4
170_4,3
170_5,0
170_6,0
170_7,1
170_8,0
170_9,0
171_0,9
171_1,4
171_2,2
171_3,2
171_4,3
171_5,0
171_6,1
171_7,0
171_8,1
171_9,0
172_0,8
172_1,7
172_2,7
172_3,6
172_4,5
172_5,3
172_6,3
172_7,1
172_8,0
172_9,0
173_0,1
173_1,8
173_2,7
173_3,6
173_4,5
173_5,0
173_6,0
173_7,1
173_8,1
173_9,0
174_0,6
174_1,6
174_2,6
174_3,3
174_4,3
174_5,3
174_6,0
174_7,2
174_8,1
174_9,0
175_0,3
175_1,0
175_2,2
175_3,0
175_4,0
175_5,1
175_6,0
175_7,1
175_8,0
175_9,0
176_0,1
176_1,0
176_2,0
176_3,5
176_4,5
176_5,0
176_6,0
176_7,2
176_8,0
176_9,0
177_0,6
177_1,2
177_2,0
177_3,3
177_4,1
177_5,1
177_6,1
177_7,0
177_8,1
177_9,0
178_0,9
178_1,7
178_2,7
178_3,4
178_4,1
178_5,4
178_6,2
178_7,1
178_8,0
178_9,0
179_0,0
179_1,2
179_2,6
179_3,2
179_4,1
179_5,0
179_6,3
179_7,0
179_8,1
179_9,0
180_0,8
180_1,8
180_2,6
180_3,5
180_4,5
180_5,0
180_6,0
180_7,1
180_8,1
180_9,0
181_0,2
181_1,4
181_2,5
181_3,3
181_4,3
181_5,0
181_6,0
181_7,2
181_8,0
181_9,0
182_0,5
182_1,6
182_2,1
182_3,5
182_4,1
182_5,1
182_6,1
182_7,1
182_8,1
182_9,0
183_0,2
183_1,6
183_2,7
183_3,0
183_4,3
183_5,1
183_6,1
183_7,0
183_8,0
183_9,0
184_0,0
184_1,8
184_2,1
184_3,3
184_4,0
184_5,0
184_6,2
184_7,1
184_8,1
184_9,0
185_0,6
185_1,8
185_2,6
185_3,4
185_4,2
185_5,3
185_6,0
185_7,0
185_8,1
185_9,0
186_0,8
186_1,8
186_2,3
186_3,1
186_4,4
186_5,1
186_6,1
186_7,0
186_8,1
186_9,0
187_0,4
187_1,0
187_2,7
187_3,6
187_4,2
187_5,0
187_6,0
187_7,0
187_8,1
187_9,0
188_0,9
188_1,8
188_2,3
188_3,4
188_4,1
188_5,0
188_6,2
188_7,0
188_8,0
188_9,0
189_0,4
189_1,5
189_2,1
189_3,6
189_4,0
189_5,4
189_6,3
189_7,0
189_8,0
189_9,0
190_0,7
190_1,7
190_2,7
190_3,1
190_4,5
190_5,1
190_6,1
190_7,1
190_8,1
190_9,0
191_0,6
191_1,4
191_2,6
191_3,4
191_4,5
191_5,0
191_6,0
191_7,2
191_8,0
191_9,0
192_0,1
192_1,6
192_2,7
192_3,5
192_4,0
192_5,0
192_6,0
192_7,0
192_8,1
192_9,0
193_0,9
193_1,3
193_2,3
193_3,4
193_4,1
193_5,0
193_6,0
193_7,2
193_8,1
193_9,0
194_0,4
194_1,3
194_2,1
194_3,0
194_4,0
194_5,4
194_6,1
194_7,1
194_8,0
194_9,0
195_0,9
195_1,6
195_2,7
195_3,2
195_4,1
195_5,3
195_6,2
195_7,2
195_8,0
195_9,0
196_0,9
196_1,7
196_2,5
196_3,1
196_4,2
196_5,4
196_6,3
196_7,0
196_8,0
196_9,0
197_0,0
197_1,3
197_2,0
197_3,6
197_4,0
197_5,4
197_6,0
197_7,2
197_8,0
197_9,0
198_0,0
198_1,1
198_2,0
198_3,4
198_4,1
198_5,2
198_6,0
198_7,0
198_8,0
198_9,0
199_0,4
199_1,8
199_2,4
199_3,3
199_4,0
199_5,0
199_6,2
199_7,2
199_8,0
199_9,0
200_0,9
200_1,8
200_2,6
200_3,4
200_4,3
200_5,1
200_6,3
200_7,0
200_8,1
200_9,0
201_0,3
201_1,3
201_2,0
201_3,0
201_4,3
201_5,1
201_6,0
201_7,1
201_8,1
201_9,0
202_0,9
202_1,6
202_2,7
202_3,6
202_4,4
202_5,0
202_6,2
202_7,0
202_8,0
202_9,0
203_0,8
203_1,7
203_2,5
203_3,1
203_4,0
203_5,0
203_6,1
203_7,0
203_8,0
203_9,0
204_0,9
204_1,8
204_2,4
204_3,5
204_4,4
204_5,2
204_6,1
204_7,2
204_8,0
204_9,0
205_0,7
205_1,4
205_2,6
205_3,6
205_4,0
205_5,0
205_6,2
205_7,0
205_8,0
205_9,0
206_0,9
206_1,5
206_2,5
206_3,4
206_4,5
206_5,0
206_6,0
206_7,0
206_8,1
206_9,0
207_0,2
207_1,0
207_2,6
207_3,6
207_4,5
207_5,0
207_6,1
207_7,1
207_8,0
207_9,0
208_0,2
208_1,0
208_2,5
208_3,3
208_4,1
208_5,3
208_6,1
208_7,0
208_8,1
208_9,0
209_0,2
209_1,0
209_2,4
209_3,2
209_4,0
209_5,1
209_6,0
209_7,0
209_8,1
209_9,0
210_0,6
210_1,8
210_2,2
210_3,0
210_4,0
210_5,3
210_6,2
210_7,0
210_8,1
210_9,0
211_0,6
211_1,3
211_2,2
211_3,1
211_4,2
211_5,0
211_6,3
211_7,2
211_8,1
211_9,0
212_0,8
212_1,7
212_2,2
212_3,1
212_4,2
212_5,0
212_6,3
212_7,2
212_8,1
212_9,0
213_0,0
213_1,6
213_2,0
213_3,2
213_4,0
213_5,1
213_6,1
213_7,0
213_8,1
213_9,0
214_0,9
214_1,4
214_2,4
214_3,6
214_4,5
214_5,0
214_6,1
214_7,1
214_8,1
214_9,0
215_0,8
215_1,8
215_2,3
215_3,3
215_4,1
215_5,4
215_6,1
215_7,0
215_8,1
215_9,0
216_0,7
216_1,4
216_2,7
216_3,3
216_4,0
216_5,0
216_6,1
216_7,1
216_8,1
216_9,0
217_0,6
217_1,2
217_2,6
217_3,2
217_4,0
217_5,4
217_6,1
217_7,0
217_8,0
217_9,0
218_0,0
218_1,6
218_2,5
218_3,2
218_4,1
218_5,0
218_6,0
218_7,0
218_8,1
218_9,0
219_0,2
219_1,6
219_2,7
219_3,1
219_4,1
219_5,0
219_6,1
219_7,1
219_8,1
219_9,0
220_0,9
220_1,8
220_2,3
220_3,0
220_4,2
220_5,4
220_6,0
220_7,2
220_8,0
220_9,0
221_0,0
221_1,0
221_2,3
221_3,4
221_4,4
221_5,2
221_6,2
221_7,1
221_8,0
221_9,0
222_0,8
222_1,6
222_2,5
222_3,6
222_4,4
222_5,3
222_6,0
222_7,0
222_8,0
222_9,0
223_0,9
223_1,6
223_2,6
223_3,6
223_4,5
223_5,0
223_6,0
223_7,0
223_8,0
223_9,0
224_0,8
224_1,2
224_2,4
224_3,1
224_4,1
224_5,3
224_6,1
224_7,0
224_8,1
224_9,0
225_0,9
225_1,8
225_2,4
225_3,3
225_4,2
225_5,1
225_6,2
225_7,0
225_8,1
225_9,0
226_0,7
226_1,6
226_2,6
226_3,6
226_4,3
226_5,1
226_6,2
226_7,0
226_8,1
226_9,0
227_0,7
227_1,7
227_2,7
227_3,6
227_4,2
227_5,1
227_6,1
227_7,1
227_8,1
227_9,0
228_0,4
228_1,6
228_2,1
228_3,4
228_4,3
228_5,1
228_6,1
228_7,2
228_8,1
228_9,0
229_0,9
229_1,0
229_2,1
229_3,3
229_4,3
229_5,1
229_6,1
229_7,2
229_8,1
229_9,0
230_0,3
230_1,0
230_2,1
230_3,1
230_4,5
230_5,1
230_6,0
230_7,0
230_8,0
230_9,0
231_0,8
231_1,8
231_2,7
231_3,2
231_4,2
231_5,2
231_6,3
231_7,1
231_8,0
231_9,0
232_0,6
232_1,8
232_2,6
232_3,6
232_4,0
232_5,4
232_6,0
232_7,1
232_8,1
232_9,0
233_0,4
233_1,4
233_2,3
233_3,0
233_4,5
233_5,4
233_6,2
233_7,1
233_8,0
233_9,0
234_0,2
234_1,0
234_2,0
234_3,5
234_4,0
234_5,4
234_6,1
234_7,0
234_8,0
234_9,0
235_0,9
235_1,2
235_2,4
235_3,0
235_4,1
235_5,2
235_6,0
235_7,0
235_8,0
235_9,0
236_0,6
236_1,4
236_2,4
236_3,6
236_4,2
236_5,0
236_6,0
236_7,0
236_8,0
236_9,0
237_0,9
237_1,6
237_2,1
237_3,4
237_4,1
237_5,0
237_6,2
237_7,1
237_8,1
237_9,0
238_0,9
238_1,6
238_2,6
238_3,6
238_4,2
238_5,1
238_6,3
238_7,1
238_8,1
238_9,0
239_0,9
239_1,8
239_2,0
239_3,2
239_4,4
239_5,0
239_6,1
239_7,0
239_8,1
239_9,0
240_0,0
240_1,0
240_2,2
240_3,2
240_4,0
240_5,2
240_6,0
240_7,1
240_8,0
240_9,0
241_0,5
241_1,6
241_2,5
241_3,4
241_4,4
241_5,4
241_6,0
241_7,0
241_8,1
241_9,0
242_0,9
242_1,7
242_2,6
242_3,6
242_4,4
242_5,0
242_6,2
242_7,1
242_8,0
242_9,0
243_0,9
243_1,6
243_2,6
243_3,6
243_4,2
243_5,3
243_6,0
243_7,1
243_8,1
243_9,0
244_0,0
244_1,4
244_2,2
244_3,1
244_4,0
244_5,0
244_6,1
244_7,0
244_8,0
244_9,0
245_0,0
245_1,0
245_2,0
245_3,5
245_4,5
245_5,4
245_6,0
245_7,2
245_8,1
245_9,0
246_0,4
246_1,5
246_2,7
246_3,1
246_4,0
246_5,1
246_6,0
246_7,0
246_8,0
246_9,0
247_0,4
247_1,8
247_2,4
247_3,5
247_4,4
247_5,4
247_6,0
247_7,0
247_8,0
247_9,0
248_0,1
248_1,2
248_2,7
248_3,6
248_4,5
248_5,0
248_6,0
248_7,2
248_8,0
248_9,0
249_0,8
249_1,7
249_2,7
249_3,5
249_4,5
249_5,0
249_6,0
249_7,0
249_8,0
249_9,0
250_0,1
250_1,3
250_2,0
250_3,1
250_4,0
250_5,2
250_6,1
250_7,0
250_8,0
250_9,0
251_0,1
251_1,8
251_2,7
251_3,6
251_4,0
251_5,4
251_6,1
251_7,1
251_8,1
251_9,0
252_0,2
252_1,0
252_2,0
252_3,4
252_4,5
252_5,3
252_6,3
252_7,0
252_8,0
252_9,0
253_0,3
253_1,0
253_2,7
253_3,5
253_4,5
253_5,4
253_6,2
253_7,1
253_8,1
253_9,0
254_0,8
254_1,7
254_2,4
254_3,5
254_4,4
254_5,0
254_6,0
254_7,1
254_8,1
254_9,0
255_0,9
255_1,4
255_2,0
255_3,4
255_4,0
255_5,2
255_6,0
255_7,0
255_8,1
255_9,0
256_0,4
256_1,0
256_2,7
256_3,5
256_4,3
256_5,4
256_6,3
256_7,0
256_8,0
256_9,0
257_0,7
257_1,8
257_2,7
257_3,3
257_4,1
257_5,4
257_6,1
257_7,0
257_8,1
257_9,0
258_0,6
258_1,5
258_2,1
258_3,4
258_4,3
258_5,3
258_6,0
258_7,1
258_8,0
258_9,0
259_0,9
259_1,7
259_2,7
259_3,2
259_4,1
259_5,3
259_6,2
259_7,2
259_8,0
259_9,0
260_0,8
260_1,8
260_2,0
260_3,2
260_4,1
260_5,1
260_6,0
260_7,0
260_8,1
260_9,0
261_0,8
261_1,2
261_2,7
261_3,4
261_4,1
261_5,1
261_6,1
261_7,1
261_8,1
261_9,0
262_0,7
262_1,0
262_2,2
262_3,6
262_4,2
262_5,0
262_6,0
262_7,1
262_8,1
262_9,0
263_0,6
263_1,3
263_2,0
263_3,3
263_4,1
263_5,1
263_6,0
263_7,2
263_8,1
263_9,0
264_0,8
264_1,8
264_2,7
264_3,3
264_4,0
264_5,4
264_6,3
264_7,2
264_8,0
264_9,0
265_0,0
265_1,8
265_2,0
265_3,1
265_4,0
265_5,0
265_6,2
265_7,2
265_8,0
265_9,0
266_0,3
266_1,0
266_2,4
266_3,0
266_4,3
266_5,1
266_6,0
266_7,0
266_8,0
266_9,0
267_0,2
267_1,1
267_2,2
267_3,0
267_4,5
267_5,4
267_6,1
267_7,2
267_8,0
267_9,0
268_0,9
268_1,7
268_2,3
268_3,5
268_4,3
268_5,0
268_6,1
268_7,2
268_8,1
268_9,0
269_0,8
269_1,4
269_2,4
269_3,5
269_4,2
269_5,3
269_6,0
269_7,2
269_8,0
269_9,0
270_0,8
270_1,0
270_2,3
270_3,6
270_4,1
270_5,4
270_6,0
270_7,1
270_8,0
270_9,0
271_0,4
271_1,2
271_2,5
271_3,0
271_4,3
271_5,0
271_6,2
271_7,1
271_8,0
271_9,0
272_0,5
272_1,1
272_2,3
272_3,3
272_4,3
272_5,0
272_6,1
272_7,1
272_8,0
272_9,0
273_0,6
273_1,7
273_2,1
273_3,3
273_4,3
273_5,0
273_6,2
273_7,0
273_8,1
273_9,0
274_0,4
274_1,7
274_2,7
274_3,6
274_4,4
274_5,3
274_6,1
274_7,0
274_8,1
274_9,0
275_0,2
275_1,0
275_2,5
275_3,4
275_4,0
275_5,0
275_6,2
275_7,1
275_8,0
275_9,0
276_0,2
276_1,7
276_2,6
276_3,4
276_4,1
276_5,0
276_6,0
276_7,1
276_8,0
276_9,0
277_0,5
277_1,8
277_2,0
277_3,5
277_4,1
277_5,2
277_6,0
277_7,1
277_8,0
277_9,0
278_0,8
278_1,8
278_2,7
278_3,3
278_4,3
278_5,4
278_6,2
278_7,1
278_8,0
278_9,0
279_0,7
279_1,2
279_2,4
279_3,3
279_4,0
279_5,2
279_6,0
279_7,1
279_8,1
279_9,0
280_0,9
280_1,1
280_2,1
280_3,0
280_4,1
280_5,1
280_6,1
280_7,1
280_8,0
280_9,0
281_0,1
281_1,5
281_2,6
281_3,6
281_4,0
281_5,0
281_6,0
281_7,0
281_8,0
281_9,0
282_0,2
282_1,0
282_2,6
282_3,3
282_4,0
282_5,0
282_6,1
282_7,0
282_8,1
282_9,0
283_0,4
283_1,6
283_2,4
283_3,0
283_4,0
283_5,4
283_6,0
283_7,0
283_8,0
283_9,0
284_0,9
284_1,8
284_2,7
284_3,1
284_4,1
284_5,2
284_6,3
284_7,0
284_8,1
284_9,0
285_0,9
285_1,1
285_2,1
285_3,4
285_4,3
285_5,0
285_6,1
285_7,2
285_8,0
285_9,0
286_0,0
286_1,5
286_2,6
286_3,4
286_4,4
286_5,3
286_6,0
286_7,0
286_8,1
286_9,0
287_0,9
287_1,6
287_2,1
287_3,1
287_4,3
287_5,0
287_6,2
287_7,2
287_8,0
287_9,0
288_0,0
288_1,8
288_2,1
288_3,1
288_4,0
288_5,1
288_6,2
288_7,1
288_8,0
288_9,0
289_0,9
289_1,0
289_2,4
289_3,4
289_4,0
289_5,0
289_6,3
289_7,1
289_8,0
289_9,0
290_0,8
290_1,8
290_2,6
290_3,5
290_4,5
290_5,0
290_6,0
290_7,0
290_8,1
290_9,0
291_0,8
291_1,6
291_2,6
291_3,5
291_4,5
291_5,1
291_6,2
291_7,1
291_8,0
291_9,0
292_0,8
292_1,8
292_2,0
292_3,0
292_4,5
292_5,0
292_6,0
292_7,0
292_8,1
292_9,0
293_0,8
293_1,8
293_2,3
293_3,3
293_4,4
293_5,2
293_6,3
293_7,0
293_8,1
293_9,0
294_0,5
294_1,4
294_2,0
294_3,6
294_4,2
294_5,4
294_6,3
294_7,0
294_8,0
294_9,0
295_0,9
295_1,8
295_2,5
295_3,5
295_4,1
295_5,0
295_6,2
295_7,1
295_8,1
295_9,0
296_0,3
296_1,4
296_2,3
296_3,2
296_4,0
296_5,1
296_6,2
296_7,2
296_8,0
296_9,0
297_0,9
297_1,4
297_2,7
297_3,0
297_4,3
297_5,0
297_6,1
297_7,1
297_8,1
297_9,0
298_0,1
298_1,6
298_2,6
298_3,6
298_4,3
298_5,0
298_6,0
298_7,0
298_8,0
298_9,0
299_0,9
299_1,7
299_2,6
299_3,5
299_4,4
299_5,0
299_6,0
299_7,1
299_8,1
299_9,0
300_0,0
300_1,4
300_2,3
300_3,3
300_4,5
300_5,3
300_6,0
300_7,2
300_8,0
300_9,0
301_0,0
301_1,7
301_2,3
301_3,3
301_4,3
301_5,0
301_6,2
301_7,0
301_8,0
301_9,0
302_0,4
302_1,1
302_2,4
302_3,2
302_4,3
302_5,1
302_6,0
302_7,2
302_8,0
302_9,0
303_0,7
303_1,0
303_2,3
303_3,3
303_4,3
303_5,3
303_6,0
303_7,0
303_8,0
303_9,0
304_0,9
304_1,8
304_2,7
304_3,4
304_4,1
304_5,1
304_6,2
304_7,0
304_8,1
304_9,0
305_0,8
305_1,6
305_2,3
305_3,6
305_4,5
305_5,0
305_6,3
305_7,1
305_8,1
305_9,0
306_0,0
306_1,1
306_2,6
306_3,2
306_4,2
306_5,2
306_6,2
306_7,0
306_8,1
306_9,0
307_0,8
307_1,3
307_2,2
307_3,1
307_4,0
307_5,3
307_6,0
307_7,1
307_8,0
307_9,0
308_0,9
308_1,8
308_2,7
308_3,4
308_4,0
308_5,0
308_6,0
308_7,0
308_8,0
308_9,0
309_0,0
309_1,1
309_2,2
309_3,6
309_4,1
309_5,0
309_6,0
309_7,1
309_8,0
309_9,0
310_0,0
310_1,4
310_2,7
310_3,5
310_4,0
310_5,2
310_6,2
310_7,0
310_8,0
310_9,0
311_0,4
311_1,4
311_2,2
311_3,0
311_4,4
311_5,0
311_6,1
311_7,2
311_8,0
311_9,0
312_0,9
312_1,5
312_2,1
312_3,2
312_4,4
312_5,4
312_6,2
312_7,0
312_8,1
312_9,0
313_0,8
313_1,6
313_2,1
313_3,4
313_4,0
313_5,0
313_6,3
313_7,1
313_8,1
313_9,0
314_0,5
314_1,4
314_2,3
314_3,2
314_4,0
314_5,2
314_6,3
314_7,1
314_8,0
314_9,0
315_0,3
315_1,8
315_2,0
315_3,0
315_4,4
315_5,2
315_6,1
315_7,1
315_8,0
315_9,0
316_0,2
316_1,2
316_2,3
316_3,4
316_4,4
316_5,0
316_6,0
316_7,0
316_8,0
316_9,0
317_0,7
317_1,0
317_2,3
317_3,0
317_4,0
317_5,2
317_6,0
317_7,0
317_8,0
317_9,0
318_0,8
318_1,2
318_2,7
318_3,3
318_4,0
318_5,3
318_6,2
318_7,2
318_8,1
318_9,0
319_0,9
319_1,6
319_2,7
319_3,6
319_4,1
319_5,2
319_6,2
319_7,0
319_8,1
319_9,0
320_0,9
320_1,7
320_2,4
320_3,0
320_4,0
320_5,0
320_6,0
320_7,2
320_8,1
320_9,0
321_0,2
321_1,0
321_2,7
321_3,4
321_4,0
321_5,1
321_6,1
321_7,1
321_8,1
321_9,0
322_0,9
322_1,0
322_2,5
322_3,5
322_4,0
322_5,3
322_6,3
322_7,1
322_8,1
322_9,0
323_0,8
323_1,1
323_2,7
323_3,0
323_4,2
323_5,2
323_6,0
323_7,0
323_8,1
323_9,0
324_0,7
324_1,6
324_2,2
324_3,1
324_4,2
324_5,3
324_6,1
324_7,0
324_8,1
324_9,0
325_0,7
325_1,8
325_2,7
325_3,3
325_4,2
325_5,2
325_6,0
325_7,2
325_8,0
325_9,0
326_0,8
326_1,7
326_2,5
326_3,3
326_4,4
326_5,0
326_6,2
326_7,0
326_8,0
326_9,0
327_0,7
327_1,6
327_2,6
327_3,6
327_4,4
327_5,1
327_6,2
327_7,1
327_8,0
327_9,0
328_0,8
328_1,2
328_2,2
328_3,2
328_4,0
328_5,3
328_6,3
328_7,0
328_8,1
328_9,0
329_0,3
329_1,0
329_2,1
329_3,1
329_4,5
329_5,4
329_6,0
329_7,2
329_8,1
329_9,0
330_0,9
330_1,0
330_2,3
330_3,4
330_4,1
330_5,0
330_6,1
330_7,0
330_8,0
330_9,0
331_0,9
331_1,7
331_2,7
331_3,2
331_4,1
331_5,4
331_6,2
331_7,1
331_8,0
331_9,0
332_0,4
332_1,8
332_2,4
332_3,6
332_4,4
332_5,0
332_6,1
332_7,1
332_8,1
332_9,0
333_0,2
333_1,1
333_2,7
333_3,6
333_4,0
333_5,0
333_6,2
333_7,0
333_8,1
333_9,0
334_0,0
334_1,2
334_2,6
334_3,1
334_4,0
334_5,1
334_6,0
334_7,0
334_8,0
334_9,0
335_0,7
335_1,3
335_2,5
335_3,2
335_4,4
335_5,0
335_6,0
335_7,0
335_8,1
335_9,0
336_0,1
336_1,3
336_2,0
336_3,2
336_4,3
336_5,3
336_6,1
336_7,0
336_8,1
336_9,0
337_0,7
337_1,7
337_2,6
337_3,1
337_4,2
337_5,1
337_6,0
337_7,2
337_8,1
337_9,0
338_0,2
338_1,8
338_2,2
338_3,5
338_4,3
338_5,0
338_6,0
338_7,2
338_8,0
338_9,0
339_0,9
339_1,8
339_2,5
339_3,3
339_4,3
339_5,0
339_6,0
339_7,0
339_8,1
339_9,0
340_0,3
340_1,0
340_2,0
340_3,0
340_4,2
340_5,0
340_6,3
340_7,0
340_8,1
340_9,0
341_0,8
341_1,0
341_2,5
341_3,0
341_4,0
341_5,3
341_6,0
341_7,0
341_8,0
341_9,0
342_0,1
342_1,2
342_2,3
342_3,4
342_4,0
342_5,4
342_6,1
342_7,2
342_8,1
342_9,0
343_0,3
343_1,0
343_2,5
343_3,0
343_4,0
343_5,0
343_6,0
343_7,1
343_8,0
343_9,0
344_0,2
344_1,0
344_2,5
344_3,0
344_4,4
344_5,0
344_6,3
344_7,2
344_8,1
344_9,0
345_0,7
345_1,6
345_2,5
345_3,2
345_4,1
345_5,3
345_6,3
345_7,2
345_8,0
345_9,0
346_0,6
346_1,4
346_2,6
346_3,4
346_4,0
346_5,1
346_6,1
346_7,2
346_8,1
346_9,0
347_0,3
347_1,2
347_2,0
347_3,6
347_4,4
347_5,1
347_6,2
347_7,0
347_8,1
347_9,0
348_0,8
348_1,3
348_2,6
348_3,5
348_4,3
348_5,0
348_6,1
348_7,0
348_8,1
348_9,0
349_0,8
349_1,3
349_2,1
349_3,1
349_4,4
349_5,4
349_6,0
349_7,2
349_8,0
349_9,0
350_0,9
350_1,0
350_2,7
350_3,1
350_4,4
350_5,4
350_6,1
350_7,0
350_8,1
350_9,0
351_0,3
351_1,1
351_2,7
351_3,6
351_4,0
351_5,4
351_6,0
351_7,0
351_8,0
351_9,0
352_0,3
352_1,7
352_2,1
352_3,2
352_4,2
352_5,0
352_6,1
352_7,1
352_8,1
352_9,0
353_0,0
353_1,8
353_2,5
353_3,5
353_4,3
353_5,0
353_6,1
353_7,1
353_8,1
353_9,0
354_0,2
354_1,7
354_2,7
354_3,5
354_4,5
354_5,0
354_6,3
354_7,1
354_8,1
354_9,0
355_0,4
355_1,0
355_2,4
355_3,2
355_4,2
355_5,4
355_6,3
355_7,0
355_8,0
355_9,0
356_0,9
356_1,0
356_2,4
356_3,1
356_4,2
356_5,1
356_6,0
356_7,1
356_8,0
356_9,0
357_0,6
357_1,4
357_2,4
357_3,4
357_4,2
357_5,0
357_6,0
357_7,1
357_8,0
357_9,0
358_0,0
358_1,0
358_2,7
358_3,3
358_4,1
358_5,1
358_6,2
358_7,0
358_8,1
358_9,0
359_0,6
359_1,7
359_2,7
359_3,3
359_4,4
359_5,0
359_6,1
359_7,2
359_8,1
359_9,0
360_0,1
360_1,8
360_2,7
360_3,0
360_4,2
360_5,2
360_6,0
360_7,0
360_8,1
360_9,0
361_0,1
361_1,5
361_2,2
361_3,1
361_4,5
361_5,0
361_6,2
361_7,2
361_8,0
361_9,0
362_0,5
362_1,8
362_2,7
362_3,5
362_4,5
362_5,2
362_6,0
362_7,1
362_8,1
362_9,0
363_0,9
363_1,6
363_2,7
363_3,5
363_4,4
363_5,2
363_6,2
363_7,2
363_8,0
363_9,0
364_0,0
364_1,3
364_2,2
364_3,0
364_4,1
364_5,1
364_6,3
364_7,0
364_8,0
364_9,0
365_0,7
365_1,2
365_2,7
365_3,4
365_4,5
365_5,0
365_6,0
365_7,0
365_8,0
365_9,0
366_0,9
366_1,3
366_2,3
366_3,0
366_4,1
366_5,1
366_6,0
366_7,0
366_8,0
366_9,0
367_0,6
367_1,1
367_2,3
367_3,1
367_4,3
367_5,3
367_6,0
367_7,1
367_8,0
367_9,0
368_0,3
368_1,3
368_2,2
368_3,2
368_4,0
368_5,2
368_6,1
368_7,2
368_8,0
368_9,0
369_0,4
369_1,0
369_2,7
369_3,2
369_4,0
369_5,2
369_6,2
369_7,2
369_8,0
369_9,0
370_0,6
370_1,8
370_2,0
370_3,2
370_4,4
370_5,1
370_6,0
370_7,0
370_8,0
370_9,0
371_0,0
371_1,2
371_2,0
371_3,3
371_4,5
371_5,2
371_6,0
371_7,1
371_8,0
371_9,0
372_0,7
372_1,4
372_2,6
372_3,2
372_4,0
372_5,4
372_6,1
372_7,1
372_8,0
372_9,0
373_0,0
373_1,1
373_2,5
373_3,0
373_4,3
373_5,0
373_6,1
373_7,2
373_8,0
373_9,0
374_0,4
374_1,0
374_2,1
374_3,0
374_4,0
374_5,2
374_6,2
374_7,0
374_8,1
374_9,0
375_0,7
375_1,0
375_2,5
375_3,4
375_4,1
375_5,2
375_6,0
375_7,1
375_8,1
375_9,0
376_0,3
376_1,2
376_2,6
376_3,5
376_4,3
376_5,0
376_6,3
376_7,1
376_8,0
376_9,0
377_0,8
377_1,6
377_2,2
377_3,0
377_4,3
377_5,1
377_6,1
377_7,2
377_8,0
377_9,0
378_0,1
378_1,1
378_2,7
378_3,5
378_4,5
378_5,2
378_6,3
378_7,0
378_8,0
378_9,0
379_0,3
379_1,2
379_2,0
379_3,6
379_4,1
379_5,0
379_6,3
379_7,2
379_8,1
379_9,0
380_0,9
380_1,6
380_2,4
380_3,3
380_4,1
380_5,3
380_6,1
380_7,2
380_8,0
380_9,0
381_0,7
381_1,4
381_2,0
381_3,4
381_4,0
381_5,4
381_6,0
381_7,1
381_8,0
381_9,0
382_0,7
382_1,5
382_2,0
382_3,0
382_4,2
382_5,1
382_6,0
382_7,0
382_8,0
382_9,0
383_0,0
383_1,4
383_2,6
383_3,1
383_4,1
383_5,0
383_6,0
383_7,1
383_8,0
383_9,0
384_0,1
384_1,3
384_2,2
384_3,4
384_4,0
384_5,2
384_6,0
384_7,2
384_8,0
384_9,0
385_0,9
385_1,6
385_2,5
385_3,5
385_4,5
385_5,4
385_6,2
385_7,2
385_8,0
385_9,0
386_0,9
386_1,7
386_2,5
386_3,4
386_4,1
386_5,0
386_6,3
386_7,0
386_8,1
386_9,0
387_0,9
387_1,7
387_2,6
387_3,3
387_4,5
387_5,4
387_6,1
387_7,0
387_8,0
387_9,0
388_0,1
388_1,0
388_2,0
388_3,2
388_4,5
388_5,0
388_6,0
388_7,1
388_8,0
388_9,0
389_0,9
389_1,8
389_2,3
389_3,2
389_4,5
389_5,3
389_6,3
389_7,0
389_8,1
389_9,0
390_0,9
390_1,8
390_2,7
390_3,4
390_4,3
390_5,2
390_6,3
390_7,2
390_8,0
390_9,0
391_0,8
391_1,8
391_2,5
391_3,5
391_4,0
391_5,0
391_6,3
391_7,1
391_8,1
391_9,0
392_0,4
392_1,8
392_2,6
392_3,6
392_4,5
392_5,3
392_6,0
392_7,1
392_8,1
392_9,0
393_0,9
393_1,8
393_2,6
393_3,6
393_4,5
393_5,0
393_6,1
393_7,1
393_8,1
393_9,0
394_0,9
394_1,5
394_2,5
394_3,6
394_4,5
394_5,4
394_6,0
394_7,1
394_8,1
394_9,0
395_0,9
395_1,6
395_2,6
395_3,5
395_4,2
395_5,1
395_6,2
395_7,2
395_8,0
395_9,0
396_0,4
396_1,2
396_2,3
396_3,1
396_4,3
396_5,0
396_6,0
396_7,0
396_8,0
396_9,0
397_0,5
397_1,0
397_2,1
397_3,2
397_4,1
397_5,0
397_6,0
397_7,0
397_8,0
397_9,0
398_0,9
398_1,1
398_2,0
398_3,0
398_4,3
398_5,3
398_6,2
398_7,0
398_8,0
398_9,0
399_0,4
399_1,0
399_2,7
399_3,6
399_4,4
399_5,2
399_6,3
399_7,1
399_8,1
399_9,0
400_0,6
400_1,6
400_2,7
400_3,6
400_4,2
400_5,3
400_6,2
400_7,0
400_8,1
400_9,0
401_0,9
401_1,2
401_2,1
401_3,0
401_4,4
401_5,3
401_6,1
401_7,0
401_8,0
401_9,0
402_0,4
402_1,5
402_2,2
402_3,6
402_4,0
402_5,1
402_6,0
402_7,2
402_8,0
402_9,0
403_0,2
403_1,6
403_2,6
403_3,6
403_4,2
403_5,2
403_6,0
403_7,0
403_8,0
403_9,0
404_0,8
404_1,7
404_2,6
404_3,3
404_4,2
404_5,1
404_6,3
404_7,2
404_8,1
404_9,0
405_0,0
405_1,2
405_2,2
405_3,0
405_4,2
405_5,1
405_6,1
405_7,1
405_8,1
405_9,0
406_0,2
406_1,1
406_2,0
406_3,1
406_4,3
406_5,1
406_6,1
406_7,0
406_8,1
406_9,0
407_0,6
407_1,1
407_2,3
407_3,1
407_4,3
407_5,0
407_6,2
407_7,0
407_8,0
407_9,0
408_0,5
408_1,6
408_2,2
408_3,0
408_4,1
408_5,0
408_6,1
408_7,1
408_8,1
408_9,0
409_0,6
409_1,7
409_2,6
409_3,1
409_4,3
409_5,3
409_6,2
409_7,0
409_8,1
409_9,0
410_0,8
410_1,8
410_2,6
410_3,5
410_4,0
410_5,0
410_6,1
410_7,2
410_8,1
410_9,0
411_0,0
411_1,8
411_2,5
411_3,3
411_4,0
411_5,2
411_6,0
411_7,0
411_8,1
411_9,0
412_0,8
412_1,1
412_2,0
412_3,6
412_4,1
412_5,0
412_6,0
412_7,0
412_8,1
412_9,0
413_0,9
413_1,7
413_2,7
413_3,1
413_4,3
413_5,2
413_6,1
413_7,2
413_8,0
413_9,0
414_0,7
414_1,6
414_2,2
414_3,3
414_4,0
414_5,1
414_6,0
414_7,0
414_8,0
414_9,0
415_0,7
415_1,5
415_2,1
415_3,6
415_4,5
415_5,0
415_6,0
415_7,2
415_8,1
415_9,0
416_0,0
416_1,5
416_2,3
416_3,2
416_4,0
416_5,0
416_6,2
416_7,2
416_8,0
416_9,0
417_0,9
417_1,4
417_2,5
417_3,1
417_4,0
417_5,0
417_6,3
417_7,0
417_8,1
417_9,0
418_0,6
418_1,8
418_2,7
418_3,2
418_4,0
418_5,0
418_6,0
418_7,1
418_8,1
418_9,0
419_0,8
419_1,3
419_2,4
419_3,6
419_4,0
419_5,0
419_6,3
419_7,0
419_8,0
419_9,0
420_0,8
420_1,5
420_2,1
420_3,4
420_4,0
420_5,0
420_6,1
420_7,1
420_8,0
420_9,0
421_0,7
421_1,2
421_2,0
421_3,5
421_4,1
421_5,2
421_6,0
421_7,0
421_8,0
421_9,0
422_0,0
422_1,1
422_2,6
422_3,4
422_4,4
422_5,3
422_6,0
422_7,0
422_8,0
422_9,0
423_0,6
423_1,0
423_2,1
423_3,0
423_4,2
423_5,0
423_6,3
423_7,2
423_8,1
423_9,0
424_0,1
424_1,3
424_2,5
424_3,0
424_4,2
424_5,0
424_6,0
424_7,0
424_8,0
424_9,0
425_0,8
425_1,4
425_2,2
425_3,1
425_4,0
425_5,3
425_6,2
425_7,1
425_8,0
425_9,0
426_0,9
426_1,2
426_2,1
426_3,3
426_4,0
426_5,2
426_6,1
426_7,0
426_8,0
426_9,0
427_0,8
427_1,4
427_2,5
427_3,3
427_4,2
427_5,3
427_6,0
427_7,2
427_8,0
427_9,0
428_0,0
428_1,6
428_2,6
428_3,2
428_4,3
428_5,0
428_6,3
428_7,1
428_8,0
428_9,0
429_0,9
429_1,0
429_2,7
429_3,0
429_4,1
429_5,2
429_6,0
429_7,2
429_8,0
429_9,0
430_0,1
430_1,2
430_2,7
430_3,1
430_4,0
430_5,0
430_6,3
430_7,1
430_8,0
430_9,0
431_0,8
431_1,8
431_2,4
431_3,3
431_4,0
431_5,0
431_6,1
431_7,0
431_8,0
431_9,0
432_0,0
432_1,0
432_2,2
432_3,0
432_4,0
432_5,3
432_6,0
432_7,2
432_8,1
432_9,0
433_0,7
433_1,2
433_2,7
433_3,3
433_4,4
433_5,0
433_6,0
433_7,2
433_8,0
433_9,0
434_0,7
434_1,8
434_2,6
434_3,5
434_4,1
434_5,0
434_6,1
434_7,1
434_8,0
434_9,0
435_0,1
435_1,2
435_2,2
435_3,0
435_4,0
435_5,2
435_6,1
435_7,1
435_8,1
435_9,0
436_0,4
436_1,2
436_2,3
436_3,0
436_4,5
436_5,2
436_6,3
436_7,1
436_8,0
436_9,0
437_0,4
437_1,3
437_2,7
437_3,5
437_4,5
437_5,0
437_6,0
437_7,0
437_8,0
437_9,0
438_0,1
438_1,0
438_2,7
438_3,6
438_4,5
438_5,0
438_6,1
438_7,2
438_8,0
438_9,0
439_0,5
439_1,5
439_2,0
439_3,0
439_4,4
439_5,1
439_6,0
439_7,1
439_8,0
439_9,0
440_0,4
440_1,1
440_2,2
440_3,0
440_4,0
440_5,0
440_6,0
440_7,1
440_8,1
440_9,0
441_0,9
441_1,3
441_2,0
441_3,5
441_4,2
441_5,4
441_6,1
441_7,0
441_8,1
441_9,0
442_0,8
442_1,3
442_2,0
442_3,5
442_4,5
442_5,2
442_6,2
442_7,2
442_8,1
442_9,0
443_0,1
443_1,4
443_2,6
443_3,1
443_4,0
443_5,4
443_6,0
443_7,2
443_8,0
443_9,0
444_0,0
444_1,7
444_2,2
444_3,0
444_4,0
444_5,3
444_6,2
444_7,0
444_8,0
444_9,0
445_0,0
445_1,2
445_2,6
445_3,2
445_4,4
445_5,0
445_6,0
445_7,0
445_8,0
445_9,0
446_0,5
446_1,2
446_2,0
446_3,1
446_4,4
446_5,0
446_6,0
446_7,0
446_8,0
446_9,0
447_0,3
447_1,0
447_2,6
447_3,5
447_4,3
447_5,0
447_6,0
447_7,2
447_8,1
447_9,0
448_0,8
448_1,7
448_2,4
448_3,5
448_4,2
448_5,0
448_6,1
448_7,2
448_8,1
448_9,0
449_0,5
449_1,4
449_2,2
449_3,0
449_4,1
449_5,2
449_6,1
449_7,0
449_8,1
449_9,0
450_0,1
450_1,7
450_2,6
450_3,3
450_4,3
450_5,1
450_6,1
450_7,1
450_8,1
450_9,0
451_0,0
451_1,3
451_2,2
451_3,4
451_4,1
451_5,2
451_6,1
451_7,0
451_8,1
451_9,0
452_0,6
452_1,8
452_2,5
452_3,5
452_4,5
452_5,4
452_6,0
452_7,1
452_8,1
452_9,0
453_0,2
453_1,0
453_2,0
453_3,2
453_4,5
453_5,0
453_6,0
453_7,0
453_8,0
453_9,0
454_0,9
454_1,8
454_2,2
454_3,3
454_4,5
454_5,4
454_6,0
454_7,1
454_8,0
454_9,0
455_0,0
455_1,3
455_2,3
455_3,5
455_4,3
455_5,2
455_6,3
455_7,0
455_8,0
455_9,0
456_0,8
456_1,8
456_2,0
456_3,0
456_4,2
456_5,2
456_6,0
456_7,2
456_8,0
456_9,0
457_0,5
457_1,5
457_2,4
457_3,4
457_4,1
457_5,4
457_6,0
457_7,0
457_8,0
457_9,0
458_0,0
458_1,2
458_2,7
458_3,1
458_4,0
458_5,2
458_6,1
458_7,1
458_8,1
458_9,0
459_0,0
459_1,0
459_2,0
459_3,6
459_4,5
459_5,2
459_6,1
459_7,0
459_8,1
459_9,0
460_0,0
460_1,4
460_2,7
460_3,4
460_4,3
460_5,0
460_6,0
460_7,0
460_8,0
460_9,0
461_0,8
461_1,7
461_2,7
461_3,6
461_4,0
461_5,0
461_6,1
461_7,2
461_8,1
461_9,0
462_0,9
462_1,8
462_2,2
462_3,3
462_4,0
462_5,1
462_6,1
462_7,0
462_8,0
462_9,0
463_0,9
463_1,8
463_2,7
463_3,6
463_4,5
463_5,4
463_6,3
463_7,1
463_8,0
463_9,0
464_0,4
464_1,5
464_2,3
464_3,6
464_4,2
464_5,3
464_6,2
464_7,1
464_8,1
464_9,0
465_0,7
465_1,4
465_2,6
465_3,0
465_4,5
465_5,4
465_6,2
465_7,0
465_8,0
465_9,0
466_0,8
466_1,8
466_2,2
466_3,4
466_4,5
466_5,1
466_6,3
466_7,0
466_8,1
466_9,0
467_0,9
467_1,4
467_2,5
467_3,5
467_4,4
467_5,1
467_6,1
467_7,2
467_8,1
467_9,0
468_0,0
468_1,7
468_2,7
468_3,3
468_4,0
468_5,3
468_6,0
468_7,2
468_8,1
468_9,0
469_0,1
469_1,6
469_2,3
469_3,1
469_4,1
469_5,4
469_6,3
469_7,2
469_8,0
469_9,0
470_0,1
470_1,2
470_2,5
470_3,3
470_4,0
470_5,4
470_6,0
470_7,2
470_8,0
470_9,0
471_0,0
471_1,4
471_2,6
471_3,6
471_4,0
471_5,3
471_6,0
471_7,0
471_8,0
471_9,0
472_0,6
472_1,4
472_2,1
472_3,2
472_4,2
472_5,0
472_6,3
472_7,0
472_8,1
472_9,0
473_0,9
473_1,8
473_2,5
473_3,2
473_4,5
473_5,0
473_6,3
473_7,0
473_8,0
473_9,0
474_0,9
474_1,3
474_2,2
474_3,2
474_4,5
474_5,4
474_6,2
474_7,0
474_8,0
474_9,0
475_0,5
475_1,5
475_2,7
475_3,4
475_4,4
475_5,2
475_6,2
475_7,0
475_8,1
475_9,0
476_0,9
476_1,1
476_2,6
476_3,5
476_4,5
476_5,0
476_6,1
476_7,1
476_8,1
476_9,0
477_0,5
477_1,8
477_2,7
477_3,5
477_4,0
477_5,4
477_6,1
477_7,1
477_8,1
477_9,0
478_0,4
478_1,2
478_2,2
478_3,0
478_4,5
478_5,1
478_6,3
478_7,2
478_8,0
478_9,0
479_0,0
479_1,6
479_2,7
479_3,0
479_4,0
479_5,4
479_6,1
479_7,2
479_8,1
479_9,0
480_0,2
480_1,4
480_2,3
480_3,0
480_4,0
480_5,3
480_6,1
480_7,1
480_8,0
480_9,0
481_0,0
481_1,2
481_2,1
481_3,3
481_4,1
481_5,0
481_6,2
481_7,0
481_8,1
481_9,0
482_0,9
482_1,6
482_2,5
482_3,6
482_4,2
482_5,0
482_6,3
482_7,0
482_8,1
482_9,0
483_0,0
483_1,2
483_2,6
483_3,0
483_4,1
483_5,0
483_6,0
483_7,0
483_8,0
483_9,0
484_0,3
484_1,0
484_2,4
484_3,2
484_4,1
484_5,4
484_6,1
484_7,0
484_8,1
484_9,0
485_0,7
485_1,4
485_2,4
485_3,4
485_4,0
485_5,3
485_6,0
485_7,2
485_8,0
485_9,0
486_0,8
486_1,8
486_2,6
486_3,6
486_4,2
486_5,0
486_6,3
486_7,1
486_8,1
486_9,0
487_0,8
487_1,2
487_2,1
487_3,5
487_4,2
487_5,4
487_6,2
487_7,0
487_8,0
487_9,0
488_0,3
488_1,8
488_2,6
488_3,5
488_4,4
488_5,0
488_6,3
488_7,1
488_8,0
488_9,0
489_0,0
489_1,7
489_2,1
489_3,1
489_4,0
489_5,1
489_6,1
489_7,2
489_8,0
489_9,0
490_0,8
490_1,3
490_2,7
490_3,6
490_4,5
490_5,1
490_6,1
490_7,1
490_8,1
490_9,0
491_0,8
491_1,8
491_2,7
491_3,6
491_4,4
491_5,3
491_6,2
491_7,2
491_8,0
491_9,0
492_0,0
492_1,8
492_2,2
492_3,0
492_4,4
492_5,1
492_6,2
492_7,0
492_8,0
492_9,0
493_0,7
493_1,5
493_2,1
493_3,4
493_4,0
493_5,4
493_6,0
493_7,1
493_8,0
493_9,0
494_0,9
494_1,6
494_2,7
494_3,5
494_4,0
494_5,0
494_6,3
494_7,0
494_8,1
494_9,0
495_0,9
495_1,3
495_2,2
495_3,5
495_4,2
495_5,4
495_6,0
495_7,1
495_8,1
495_9,0
496_0,8
496_1,7
496_2,6
496_3,6
496_4,3
496_5,4
496_6,1
496_7,1
496_8,1
496_9,0
497_0,6
497_1,0
497_2,3
497_3,0
497_4,1
497_5,0
497_6,0
497_7,2
497_8,1
497_9,0
498_0,9
498_1,0
498_2,4
498_3,2
498_4,0
498_5,2
498_6,0
498_7,2
498_8,0
498_9,0
499_0,4
499_1,5
499_2,2
499_3,2
499_4,0
499_5,1
499_6,2
499_7,1
499_8,0
499_9,0
500_0,9
500_1,4
500_2,1
500_3,0
500_4,3
500_5,3
500_6,1
500_7,0
500_8,0
500_9,0
501_0,9
501_1,5
501_2,7
501_3,5
501_4,0
501_5,0
501_6,0
501_7,2
501_8,1
501_9,0
502_0,6
502_1,2
502_2,2
502_3,5
502_4,3
502_5,0
502_6,0
502_7,0
502_8,1
502_9,0
503_0,0
503_1,8
503_2,5
503_3,3
503_4,2
503_5,4
503_6,0
503_7,2
503_8,0
503_9,0
504_0,0
504_1,3
504_2,0
504_3,0
504_4,0
504_5,0
504_6,3
504_7,0
504_8,0
504_9,0
505_0,7
505_1,6
505_2,5
505_3,6
505_4,4
505_5,0
505_6,1
505_7,1
505_8,1
505_9,0
506_0,9
506_1,5
506_2,6
506_3,5
506_4,0
506_5,1
506_6,1
506_7,1
506_8,1
506_9,0
507_0,3
507_1,8
507_2,7
507_3,0
507_4,0
507_5,3
507_6,2
507_7,0
507_8,0
507_9,0
508_0,2
508_1,1
508_2,0
508_3,1
508_4,0
508_5,0
508_6,1
508_7,1
508_8,1
508_9,0
509_0,6
509_1,6
509_2,3
509_3,5
509_4,4
509_5,0
509_6,1
509_7,1
509_8,1
509_9,0
510_0,3
510_1,4
510_2,7
510_3,0
510_4,2
510_5,0
510_6,0
510_7,1
510_8,0
510_9,0
511_0,8
511_1,5
511_2,1
511_3,2
511_4,4
511_5,0
511_6,0
511_7,2
511_8,1
511_9,0
512_0,8
512_1,8
512_2,4
512_3,5
512_4,5
512_5,4
512_6,0
512_7,1
512_8,1
512_9,0
513_0,3
513_1,3
513_2,5
513_3,0
513_4,3
513_5,3
513_6,1
513_7,0
513_8,0
513_9,0
514_0,8
514_1,5
514_2,2
514_3,0
514_4,2
514_5,0
514_6,1
514_7,0
514_8,0
514_9,0
515_0,7
515_1,6
515_2,6
515_3,6
515_4,1
515_5,0
515_6,0
515_7,0
515_8,0
515_9,0
516_0,3
516_1,5
516_2,6
516_3,0
516_4,3
516_5,0
516_6,1
516_7,0
516_8,0
516_9,0
517_0,4
517_1,3
517_2,4
517_3,0
517_4,1
517_5,1
517_6,0
517_7,0
517_8,1
517_9,0
518_0,3
518_1,8
518_2,7
518_3,5
518_4,3
518_5,0
518_6,2
518_7,1
518_8,0
518_9,0
519_0,7
519_1,0
519_2,7
519_3,3
519_4,0
519_5,1
519_6,3
519_7,0
519_8,0
519_9,0
520_0,9
520_1,6
520_2,5
520_3,6
520_4,5
520_5,1
520_6,0
520_7,0
520_8,0
520_9,0
521_0,7
521_1,4
521_2,1
521_3,0
521_4,0
521_5,2
521_6,1
521_7,1
521_8,0
521_9,0
522_0,8
522_1,7
522_2,5
522_3,6
522_4,5
522_5,2
522_6,3
522_7,1
522_8,0
522_9,0
523_0,5
523_1,2
523_2,4
523_3,3
523_4,5
523_5,3
523_6,3
523_7,1
523_8,1
523_9,0
524_0,4
524_1,2
524_2,0
524_3,3
524_4,5
524_5,0
524_6,3
524_7,2
524_8,0
524_9,0
525_0,9
525_1,7
525_2,3
525_3,5
525_4,4
525_5,1
525_6,3
525_7,0
525_8,0
525_9,0
526_0,1
526_1,2
526_2,4
526_3,0
526_4,2
526_5,3
526_6,1
526_7,0
526_8,1
526_9,0
527_0,9
527_1,4
527_2,5
527_3,4
527_4,1
527_5,2
527_6,0
527_7,1
527_8,0
527_9,0
528_0,0
528_1,3
528_2,4
528_3,2
528_4,0
528_5,0
528_6,2
528_7,0
528_8,0
528_9,0
529_0,7
529_1,7
529_2,6
529_3,6
529_4,0
529_5,0
529_6,3
529_7,0
529_8,0
529_9,0
530_0,1
530_1,6
530_2,6
530_3,2
530_4,3
530_5,0
530_6,0
530_7,0
530_8,0
530_9,0
531_0,7
531_1,5
531_2,1
531_3,2
531_4,4
531_5,0
531_6,0
531_7,2
531_8,0
531_9,0
532_0,3
532_1,6
532_2,3
532_3,6
532_4,2
532_5,0
532_6,0
532_7,2
532_8,0
532_9,0
533_0,6
533_1,6
533_2,7
533_3,6
533_4,1
533_5,3
533_6,1
533_7,1
533_8,0
533_9,0
534_0,0
534_1,0
534_2,6
534_3,6
534_4,5
534_5,1
534_6,2
534_7,0
534_8,1
534_9,0
535_0,4
535_1,5
535_2,1
535_3,6
535_4,4
535_5,0
535_6,2
535_7,0
535_8,0
535_9,0
536_0,3
536_1,1
536_2,2
536_3,0
536_4,5
536_5,4
536_6,3
536_7,1
536_8,1
536_9,0
537_0,9
537_1,7
537_2,0
537_3,1
537_4,1
537_5,0
537_6,2
537_7,0
537_8,0
537_9,0
538_0,7
538_1,7
538_2,6
538_3,6
538_4,2
538_5,0
538_6,0
538_7,0
538_8,1
538_9,0
539_0,8
539_1,6
539_2,6
539_3,4
539_4,3
539_5,1
539_6,2
539_7,2
539_8,0
539_9,0
540_0,7
540_1,8
540_2,5
540_3,3
540_4,1
540_5,3
540_6,3
540_7,1
540_8,0
540_9,0
541_0,8
541_1,7
541_2,7
541_3,1
541_4,0
541_5,3
541_6,3
541_7,0
541_8,1
541_9,0
542_0,9
542_1,8
542_2,4
542_3,3
542_4,1
542_5,3
542_6,3
542_7,0
542_8,1
542_9,0
543_0,3
543_1,8
543_2,0
543_3,1
543_4,3
543_5,0
543_6,0
543_7,1
543_8,0
543_9,0
544_0,4
544_1,7
544_2,3
544_3,3
544_4,2
544_5,0
544_6,3
544_7,1
544_8,0
544_9,0
545_0,6
545_1,1
545_2,0
545_3,0
545_4,2
545_5,4
545_6,1
545_7,0
545_8,0
545_9,0
546_0,5
546_1,7
546_2,6
546_3,2
546_4,1
546_5,4
546_6,3
546_7,1
546_8,1
546_9,0
547_0,0
547_1,6
547_2,2
547_3,2
547_4,3
547_5,3
547_6,0
547_7,1
547_8,0
547_9,0
548_0,0
548_1,0
548_2,7
548_3,6
548_4,5
548_5,3
548_6,3
548_7,0
548_8,1
548_9,0
549_0,8
549_1,8
549_2,7
549_3,6
549_4,1
549_5,4
549_6,3
549_7,2
549_8,0
549_9,0
550_0,3
550_1,6
550_2,5
550_3,4
550_4,4
550_5,0
550_6,0
550_7,1
550_8,1
550_9,0
551_0,0
551_1,8
551_2,2
551_3,1
551_4,0
551_5,3
551_6,3
551_7,2
551_8,0
551_9,0
552_0,9
552_1,7
552_2,5
552_3,6
552_4,4
552_5,3
552_6,1
552_7,2
552_8,0
552_9,0
553_0,2
553_1,4
553_2,0
553_3,6
553_4,4
553_5,0
553_6,2
553_7,2
553_8,1
553_9,0
554_0,9
554_1,6
554_2,6
554_3,2
554_4,4
554_5,1
554_6,1
554_7,1
554_8,1
554_9,0
555_0,4
555_1,3
555_2,0
555_3,6
555_4,0
555_5,0
555_6,1
555_7,0
555_8,1
555_9,0
556_0,9
556_1,8
556_2,3
556_3,2
556_4,0
556_5,0
556_6,0
556_7,0
556_8,0
556_9,0
557_0,9
557_1,5
557_2,4
557_3,0
557_4,4
557_5,2
557_6,1
557_7,0
557_8,0
557_9,0
558_0,8
558_1,1
558_2,2
558_3,0
558_4,5
558_5,0
558_6,1
558_7,0
558_8,1
558_9,0
559_0,9
559_1,6
559_2,6
559_3,1
559_4,4
559_5,4
559_6,0
559_7,0
559_8,0
559_9,0
560_0,8
560_1,7
560_2,7
560_3,1
560_4,2
560_5,0
560_6,0
560_7,2
560_8,1
560_9,0
561_0,9
561_1,6
561_2,2
561_3,6
561_4,3
561_5,1
561_6,0
561_7,0
561_8,0
561_9,0
562_0,0
562_1,8
562_2,0
562_3,3
562_4,1
562_5,4
562_6,0
562_7,0
562_8,1
562_9,0
563_0,0
563_1,8
563_2,5
563_3,4
563_4,0
563_5,0
563_6,2
563_7,0
563_8,1
563_9,0
564_0,6
564_1,5
564_2,0
564_3,2
564_4,1
564_5,1
564_6,0
564_7,0
564_8,0
564_9,0
565_0,3
565_1,0
565_2,1
565_3,5
565_4,3
565_5,0
565_6,3
565_7,1
565_8,0
565_9,0
566_0,2
566_1,0
566_2,0
566_3,5
566_4,5
566_5,3
566_6,3
566_7,2
566_8,0
566_9,0
567_0,0
567_1,2
567_2,0
567_3,0
567_4,3
567_5,1
567_6,1
567_7,0
567_8,0
567_9,0
568_0,9
568_1,8
568_2,7
568_3,3
568_4,1
568_5,3
568_6,3
568_7,0
568_8,0
568_9,0
569_0,4
569_1,3
569_2,6
569_3,4
569_4,1
569_5,0
569_6,1
569_7,2
569_8,0
569_9,0
570_0,9
570_1,0
570_2,6
570_3,5
570_4,5
570_5,1
570_6,1
570_7,1
570_8,1
570_9,0
571_0,8
571_1,6
571_2,1
571_3,6
571_4,0
571_5,2
571_6,2
571_7,2
571_8,1
571_9,0
572_0,1
572_1,0
572_2,2
572_3,2
572_4,4
572_5,0
572_6,1
572_7,0
572_8,1
572_9,0
573_0,1
573_1,0
573_2,0
573_3,2
573_4,0
573_5,0
573_6,0
573_7,0
573_8,0
573_9,0
574_0,8
574_1,3
574_2,1
574_3,1
574_4,1
574_5,2
574_6,2
574_7,0
574_8,1
574_9,0
575_0,6
575_1,1
575_2,7
575_3,5
575_4,5
575_5,0
575_6,3
575_7,1
575_8,1
575_9,0
576_0,9
576_1,4
576_2,5
576_3,1
576_4,0
576_5,2
576_6,1
576_7,0
576_8,1
576_9,0
577_0,7
577_1,0
577_2,3
577_3,1
577_4,1
577_5,0
577_6,0
577_7,0
577_8,1
577_9,0
578_0,9
578_1,5
578_2,7
578_3,5
578_4,5
578_5,0
578_6,0
578_7,1
578_8,1
578_9,0
579_0,5
579_1,7
579_2,6
579_3,2
579_4,1
579_5,4
579_6,1
579_7,2
579_8,0
579_9,0
580_0,9
580_1,4
580_2,3
580_3,6
580_4,0
580_5,3
580_6,2
580_7,1
580_8,1
580_9,0
581_0,7
581_1,8
581_2,7
581_3,5
581_4,5
581_5,4
581_6,1
581_7,2
581_8,0
581_9,0
582_0,6
582_1,8
582_2,0
582_3,0
582_4,2
582_5,4
582_6,0
582_7,0
582_8,1
582_9,0
583_0,7
583_1,3
583_2,3
583_3,3
583_4,4
583_5,1
583_6,0
583_7,0
583_8,1
583_9,0
584_0,3
584_1,8
584_2,5
584_3,3
584_4,3
584_5,0
584_6,2
584_7,0
584_8,0
584_9,0
585_0,5
585_1,5
585_2,4
585_3,0
585_4,0
585_5,3
585_6,0
585_7,1
585_8,1
585_9,0
586_0,9
586_1,0
586_2,7
586_3,3
586_4,1
586_5,0
586_6,3
586_7,1
586_8,0
586_9,0
587_0,7
587_1,6
587_2,2
587_3,1
587_4,0
587_5,0
587_6,0
587_7,2
587_8,1
587_9,0
588_0,9
588_1,8
588_2,7
588_3,4
588_4,4
588_5,4
588_6,3
588_7,1
588_8,0
588_9,0
589_0,9
589_1,1
589_2,2
589_3,0
589_4,0
589_5,0
589_6,3
589_7,0
589_8,0
589_9,0
590_0,8
590_1,6
590_2,6
590_3,4
590_4,0
590_5,0
590_6,0
590_7,0
590_8,1
590_9,0
591_0,8
591_1,8
591_2,3
591_3,0
591_4,2
591_5,0
591_6,2
591_7,0
591_8,1
591_9,0
592_0,2
592_1,0
592_2,2
592_3,5
592_4,2
592_5,2
592_6,0
592_7,0
592_8,1
592_9,0
593_0,9
593_1,8
593_2,7
593_3,4
593_4,3
593_5,2
593_6,3
593_7,2
593_8,0
593_9,0
594_0,8
594_1,5
594_2,5
594_3,5
594_4,3
594_5,3
594_6,1
594_7,1
594_8,1
594_9,0
595_0,4
595_1,5
595_2,7
595_3,6
595_4,4
595_5,4
595_6,0
595_7,0
595_8,0
595_9,0
596_0,9
596_1,8
596_2,3
596_3,2
596_4,5
596_5,0
596_6,2
596_7,0
596_8,0
596_9,0
597_0,9
597_1,5
597_2,7
597_3,5
597_4,3
597_5,1
597_6,1
597_7,2
597_8,0
597_9,0
598_0,9
598_1,8
598_2,6
598_3,3
598_4,4
598_5,1
598_6,0
598_7,0
598_8,0
598_9,0
599_0,0
599_1,6
599_2,5
599_3,2
599_4,1
599_5,0
599_6,2
599_7,1
599_8,0
599_9,0
600_0,0
600_1,6
600_2,7
600_3,5
600_4,4
600_5,3
600_6,0
600_7,2
600_8,0
600_9,0
601_0,0
601_1,1
601_2,7
601_3,6
601_4,0
601_5,3
601_6,0
601_7,1
601_8,1
601_9,0
602_0,4
602_1,5
602_2,4
602_3,1
602_4,2
602_5,4
602_6,2
602_7,2
602_8,0
602_9,0
603_0,4
603_1,0
603_2,1
603_3,1
603_4,4
603_5,0
603_6,0
603_7,2
603_8,0
603_9,0
604_0,7
604_1,8
604_2,0
604_3,0
604_4,5
604_5,2
604_6,2
604_7,0
604_8,0
604_9,0
605_0,7
605_1,5
605_2,5
605_3,1
605_4,3
605_5,2
605_6,3
605_7,2
605_8,0
605_9,0
606_0,8
606_1,7
606_2,6
606_3,5
606_4,3
606_5,3
606_6,2
606_7,0
606_8,1
606_9,0
607_0,8
607_1,6
607_2,3
607_3,3
607_4,3
607_5,0
607_6,0
607_7,1
607_8,0
607_9,0
608_0,9
608_1,2
608_2,4
608_3,5
608_4,5
608_5,0
608_6,1
608_7,2
608_8,0
608_9,0
609_0,0
609_1,2
609_2,3
609_3,1
609_4,4
609_5,1
609_6,2
609_7,0
609_8,0
609_9,0
610_0,0
610_1,0
610_2,3
610_3,6
610_4,0
610_5,4
610_6,1
610_7,0
610_8,1
610_9,0
611_0,7
611_1,8
611_2,7
611_3,5
611_4,5
611_5,0
611_6,3
611_7,0
611_8,0
611_9,0
612_0,9
612_1,6
612_2,3
612_3,0
612_4,2
612_5,0
612_6,0
612_7,1
612_8,1
612_9,0
613_0,4
613_1,8
613_2,5
613_3,4
613_4,5
613_5,2
613_6,2
613_7,2
613_8,0
613_9,0
614_0,8
614_1,8
614_2,7
614_3,6
614_4,0
614_5,0
614_6,0
614_7,1
614_8,1
614_9,0
615_0,9
615_1,1
615_2,7
615_3,0
615_4,0
615_5,1
615_6,2
615_7,0
615_8,1
615_9,0
616_0,1
616_1,3
616_2,2
616_3,0
616_4,0
616_5,0
616_6,3
616_7,0
616_8,0
616_9,0
617_0,0
617_1,3
617_2,4
617_3,4
617_4,0
617_5,3
617_6,2
617_7,0
617_8,0
617_9,0
618_0,1
618_1,3
618_2,7
618_3,6
618_4,0
618_5,0
618_6,0
618_7,0
618_8,0
618_9,0
619_0,8
619_1,6
619_2,6
619_3,6
619_4,4
619_5,2
619_6,2
619_7,2
619_8,0
619_9,0
620_0,7
620_1,8
620_2,6
620_3,5
620_4,5
620_5,2
620_6,3
620_7,2
620_8,0
620_9,0
621_0,2
621_1,0
621_2,6
621_3,2
621_4,3
621_5,0
621_6,0
621_7,1
621_8,0
621_9,0
622_0,8
622_1,6
622_2,5
622_3,4
622_4,1
622_5,1
622_6,3
622_7,2
622_8,0
622_9,0
623_0,2
623_1,8
623_2,5
623_3,0
623_4,1
623_5,1
623_6,1
623_7,0
623_8,1
623_9,0
624_0,0
624_1,2
624_2,1
624_3,5
624_4,3
624_5,0
624_6,0
624_7,1
624_8,0
624_9,0
625_0,9
625_1,5
625_2,7
625_3,0
625_4,0
625_5,1
625_6,1
625_7,2
625_8,0
625_9,0
626_0,9
626_1,3
626_2,6
626_3,2
626_4,0
626_5,2
626_6,3
626_7,1
626_8,0
626_9,0
627_0,9
627_1,0
627_2,3
627_3,5
627_4,0
627_5,2
627_6,3
627_7,2
627_8,1
627_9,0
628_0,1
628_1,3
628_2,4
628_3,0
628_4,3
628_5,2
628_6,2
628_7,2
628_8,1
628_9,0
629_0,8
629_1,2
629_2,3
629_3,3
629_4,0
629_5,1
629_6,2
629_7,0
629_8,1
629_9,0
630_0,0
630_1,6
630_2,5
630_3,6
630_4,5
630_5,0
630_6,1
630_7,1
630_8,0
630_9,0
631_0,8
631_1,1
631_2,1
631_3,2
631_4,0
631_5,2
631_6,2
631_7,0
631_8,0
631_9,0
632_0,9
632_1,2
632_2,2
632_3,0
632_4,3
632_5,2
632_6,0
632_7,2
632_8,0
632_9,0
633_0,0
633_1,3
633_2,2
633_3,1
633_4,0
633_5,0
633_6,2
633_7,2
633_8,1
633_9,0
634_0,3
634_1,6
634_2,5
634_3,5
634_4,0
634_5,0
634_6,0
634_7,1
634_8,1
634_9,0
635_0,7
635_1,7
635_2,7
635_3,2
635_4,2
635_5,4
635_6,0
635_7,2
635_8,0
635_9,0
636_0,9
636_1,6
636_2,3
636_3,1
636_4,2
636_5,4
636_6,0
636_7,2
636_8,1
636_9,0
637_0,5
637_1,0
637_2,4
637_3,2
637_4,1
637_5,0
637_6,0
637_7,2
637_8,0
637_9,0
638_0,9
638_1,5
638_2,5
638_3,1
638_4,0
638_5,0
638_6,0
638_7,2
638_8,0
638_9,0
639_0,1
639_1,7
639_2,2
639_3,2
639_4,0
639_5,0
639_6,2
639_7,2
639_8,1
639_9,0
640_0,9
640_1,8
640_2,7
640_3,6
640_4,4
640_5,3
640_6,1
640_7,2
640_8,0
640_9,0
641_0,7
641_1,2
641_2,1
641_3,3
641_4,1
641_5,0
641_6,2
641_7,1
641_8,0
641_9,0
642_0,7
642_1,7
642_2,6
642_3,3
642_4,0
642_5,0
642_6,0
642_7,1
642_8,0
642_9,0
643_0,7
643_1,8
643_2,0
643_3,1
643_4,2
643_5,2
643_6,0
643_7,0
643_8,1
643_9,0
644_0,3
644_1,4
644_2,3
644_3,0
644_4,5
644_5,4
644_6,3
644_7,0
644_8,0
644_9,0
645_0,9
645_1,8
645_2,0
645_3,2
645_4,3
645_5,0
645_6,0
645_7,0
645_8,1
645_9,0
646_0,8
646_1,4
646_2,7
646_3,6
646_4,3
646_5,0
646_6,0
646_7,0
646_8,0
646_9,0
647_0,2
647_1,5
647_2,1
647_3,2
647_4,3
647_5,0
647_6,2
647_7,1
647_8,0
647_9,0
648_0,9
648_1,1
648_2,0
648_3,1
648_4,2
648_5,4
648_6,0
648_7,1
648_8,1
648_9,0
649_0,8
649_1,8
649_2,7
649_3,4
649_4,2
649_5,3
649_6,1
649_7,0
649_8,1
649_9,0
650_0,8
650_1,2
650_2,1
650_3,3
650_4,2
650_5,3
650_6,2
650_7,0
650_8,1
650_9,0
651_0,3
651_1,8
651_2,4
651_3,6
651_4,0
651_5,3
651_6,2
651_7,1
651_8,0
651_9,0
652_0,8
652_1,7
652_2,7
652_3,6
652_4,2
652_5,2
652_6,2
652_7,2
652_8,0
652_9,0
653_0,2
653_1,8
653_2,4
653_3,4
653_4,5
653_5,0
653_6,0
653_7,0
653_8,0
653_9,0
654_0,0
654_1,4
654_2,6
654_3,6
654_4,0
654_5,0
654_6,0
654_7,0
654_8,0
654_9,0
655_0,0
655_1,7
655_2,4
655_3,2
655_4,5
655_5,2
655_6,0
655_7,0
655_8,1
655_9,0
656_0,5
656_1,8
656_2,1
656_3,5
656_4,0
656_5,0
656_6,2
656_7,1
656_8,0
656_9,0
657_0,0
657_1,0
657_2,1
657_3,0
657_4,0
657_5,1
657_6,2
657_7,0
657_8,1
657_9,0
658_0,1
658_1,3
658_2,5
658_3,1
658_4,0
658_5,1
658_6,1
658_7,1
658_8,0
658_9,0
659_0,8
659_1,2
659_2,2
659_3,2
659_4,5
659_5,3
659_6,2
659_7,0
659_8,1
659_9,0
660_0,6
660_1,0
660_2,1
660_3,4
660_4,4
660_5,4
660_6,0
660_7,1
660_8,1
660_9,0
661_0,5
661_1,1
661_2,3
661_3,5
661_4,1
661_5,0
661_6,1
661_7,1
661_8,0
661_9,0
662_0,8
662_1,1
662_2,1
662_3,0
662_4,2
662_5,3
662_6,2
662_7,0
662_8,0
662_9,0
663_0,2
663_1,4
663_2,3
663_3,0
663_4,3
663_5,3
663_6,1
663_7,1
663_8,0
663_9,0
664_0,7
664_1,3
664_2,6
664_3,6
664_4,0
664_5,3
664_6,3
664_7,0
664_8,0
664_9,0
665_0,3
665_1,0
665_2,7
665_3,6
665_4,3
665_5,2
665_6,0
665_7,2
665_8,0
665_9,0
666_0,7
666_1,8
666_2,7
666_3,3
666_4,0
666_5,0
666_6,1
666_7,1
666_8,1
666_9,0
667_0,9
667_1,8
667_2,5
667_3,6
667_4,5
667_5,3
667_6,1
667_7,1
667_8,1
667_9,0
668_0,9
668_1,3
668_2,1
668_3,2
668_4,5
668_5,3
668_6,2
668_7,0
668_8,0
668_9,0
669_0,9
669_1,3
669_2,6
669_3,6
669_4,3
669_5,2
669_6,0
669_7,0
669_8,1
669_9,0
670_0,2
670_1,2
670_2,6
670_3,4
670_4,4
670_5,0
670_6,0
670_7,1
670_8,0
670_9,0
671_0,5
671_1,4
671_2,7
671_3,4
671_4,0
671_5,3
671_6,0
671_7,2
671_8,1
671_9,0
672_0,4
672_1,0
672_2,6
672_3,1
672_4,1
672_5,0
672_6,3
672_7,0
672_8,0
672_9,0
673_0,7
673_1,2
673_2,4
673_3,6
673_4,4
673_5,0
673_6,1
673_7,1
673_8,1
673_9,0
674_0,6
674_1,2
674_2,5
674_3,4
674_4,0
674_5,1
674_6,2
674_7,2
674_8,0
674_9,0
675_0,6
675_1,3
675_2,6
675_3,3
675_4,1
675_5,4
675_6,0
675_7,1
675_8,1
675_9,0
676_0,0
676_1,7
676_2,0
676_3,1
676_4,0
676_5,3
676_6,0
676_7,1
676_8,0
676_9,0
677_0,2
677_1,1
677_2,6
677_3,6
677_4,3
677_5,0
677_6,2
677_7,2
677_8,1
677_9,0
678_0,3
678_1,5
678_2,0
678_3,0
678_4,0
678_5,4
678_6,3
678_7,1
678_8,0
678_9,0
679_0,2
679_1,0
679_2,1
679_3,5
679_4,4
679_5,4
679_6,0
679_7,2
679_8,1
679_9,0
680_0,9
680_1,4
680_2,3
680_3,3
680_4,2
680_5,1
680_6,0
680_7,2
680_8,0
680_9,0
681_0,9
681_1,6
681_2,7
681_3,5
681_4,2
681_5,2
681_6,1
681_7,2
681_8,0
681_9,0
682_0,1
682_1,7
682_2,6
682_3,2
682_4,0
682_5,0
682_6,3
682_7,2
682_8,0
682_9,0
683_0,2
683_1,0
683_2,0
683_3,6
683_4,1
683_5,3
683_6,1
683_7,1
683_8,0
683_9,0
684_0,8
684_1,3
684_2,1
684_3,6
684_4,3
684_5,3
684_6,0
684_7,0
684_8,0
684_9,0
685_0,7
685_1,6
685_2,0
685_3,4
685_4,2
685_5,1
685_6,0
685_7,0
685_8,0
685_9,0
686_0,4
686_1,0
686_2,2
686_3,1
686_4,1
686_5,0
686_6,1
686_7,2
686_8,0
686_9,0
687_0,0
687_1,7
687_2,7
687_3,1
687_4,0
687_5,0
687_6,2
687_7,1
687_8,1
687_9,0
688_0,0
688_1,7
688_2,7
688_3,0
688_4,0
688_5,3
688_6,0
688_7,2
688_8,1
688_9,0
689_0,0
689_1,0
689_2,4
689_3,3
689_4,1
689_5,0
689_6,0
689_7,0
689_8,0
689_9,0
690_0,9
690_1,4
690_2,4
690_3,1
690_4,3
690_5,2
690_6,0
690_7,2
690_8,1
690_9,0
691_0,6
691_1,7
691_2,6
691_3,5
691_4,2
691_5,2
691_6,0
691_7,1
691_8,1
691_9,0
692_0,7
692_1,2
692_2,1
692_3,1
692_4,3
692_5,3
692_6,2
692_7,0
692_8,1
692_9,0
693_0,8
693_1,0
693_2,0
693_3,0
693_4,1
693_5,2
693_6,3
693_7,0
693_8,1
693_9,0
694_0,4
694_1,4
694_2,5
694_3,4
694_4,4
694_5,0
694_6,1
694_7,1
694_8,1
694_9,0
695_0,7
695_1,8
695_2,5
695_3,4
695_4,1
695_5,1
695_6,2
695_7,0
695_8,1
695_9,0
696_0,0
696_1,2
696_2,6
696_3,5
696_4,5
696_5,1
696_6,0
696_7,2
696_8,1
696_9,0
697_0,5
697_1,2
697_2,0
697_3,2
697_4,5
697_5,0
697_6,2
697_7,0
697_8,0
697_9,0
698_0,4
698_1,0
698_2,5
698_3,1
698_4,1
698_5,0
698_6,0
698_7,0
698_8,0
698_9,0
699_0,9
699_1,4
699_2,6
699_3,3
699_4,5
699_5,2
699_6,0
699_7,1
699_8,0
699_9,0
700_0,2
700_1,5
700_2,2
700_3,2
700_4,0
700_5,3
700_6,0
700_7,0
700_8,0
700_9,0
701_0,0
701_1,2
701_2,0
701_3,3
701_4,0
701_5,4
701_6,0
701_7,1
701_8,1
701_9,0
702_0,5
702_1,5
702_2,5
702_3,1
702_4,3
702_5,3
702_6,2
702_7,0
702_8,1
702_9,0
703_0,8
703_1,1
703_2,1
703_3,3
703_4,0
703_5,3
703_6,3
703_7,0
703_8,1
703_9,0
704_0,4
704_1,4
704_2,7
704_3,3
704_4,1
704_5,2
704_6,0
704_7,0
704_8,1
704_9,0
705_0,7
705_1,8
705_2,2
705_3,5
705_4,4
705_5,0
705_6,0
705_7,1
705_8,0
705_9,0
706_0,8
706_1,2
706_2,2
706_3,1
706_4,4
706_5,0
706_6,0
706_7,0
706_8,0
706_9,0
707_0,7
707_1,0
707_2,6
707_3,0
707_4,5
707_5,0
707_6,2
707_7,1
707_8,0
707_9,0
708_0,9
708_1,4
708_2,6
708_3,5
708_4,1
708_5,0
708_6,2
708_7,0
708_8,0
708_9,0
709_0,1
709_1,6
709_2,0
709_3,1
709_4,0
709_5,0
709_6,2
709_7,0
709_8,1
709_9,0
710_0,4
710_1,0
710_2,6
710_3,1
710_4,0
710_5,1
710_6,1
710_7,1
710_8,0
710_9,0
711_0,9
711_1,7
711_2,6
711_3,3
711_4,1
711_5,3
711_6,3
711_7,2
711_8,0
711_9,0
712_0,8
712_1,2
712_2,6
712_3,0
712_4,2
712_5,0
712_6,2
712_7,0
712_8,0
712_9,0
713_0,6
713_1,0
713_2,0
713_3,0
713_4,1
713_5,0
713_6,2
713_7,1
713_8,1
713_9,0
714_0,8
714_1,1
714_2,3
714_3,6
714_4,3
714_5,0
714_6,0
714_7,0
714_8,0
714_9,0
715_0,7
715_1,3
715_2,0
715_3,1
715_4,0
715_5,4
715_6,3
715_7,1
715_8,0
715_9,0
716_0,8
716_1,0
716_2,1
716_3,1
716_4,1
716_5,3
716_6,0
716_7,2
716_8,0
716_9,0
717_0,3
717_1,4
717_2,5
717_3,5
717_4,0
717_5,0
717_6,3
717_7,0
717_8,1
717_9,0
718_0,3
718_1,5
718_2,7
718_3,6
718_4,0
718_5,0
718_6,0
718_7,0
718_8,0
718_9,0
719_0,8
719_1,8
719_2,2
719_3,0
719_4,1
719_5,0
719_6,2
719_7,2
719_8,0
719_9,0
720_0,8
720_1,8
720_2,4
720_3,4
720_4,1
720_5,1
720_6,1
720_7,1
720_8,1
720_9,0
721_0,6
721_1,6
721_2,7
721_3,1
721_4,2
721_5,3
721_6,0
721_7,2
721_8,0
721_9,0
722_0,7
722_1,5
722_2,6
722_3,5
722_4,3
722_5,1
722_6,3
722_7,1
722_8,0
722_9,0
723_0,9
723_1,1
723_2,0
723_3,0
723_4,1
723_5,4
723_6,1
723_7,2
723_8,0
723_9,0
724_0,9
724_1,8
724_2,6
724_3,5
724_4,2
724_5,3
724_6,1
724_7,2
724_8,0
724_9,0
725_0,9
725_1,8
725_2,5
725_3,4
725_4,2
725_5,2
725_6,3
725_7,2
725_8,0
725_9,0
726_0,5
726_1,0
726_2,5
726_3,1
726_4,0
726_5,1
726_6,0
726_7,0
726_8,0
726_9,0
727_0,6
727_1,8
727_2,4
727_3,0
727_4,2
727_5,2
727_6,2
727_7,0
727_8,0
727_9,0
728_0,9
728_1,8
728_2,6
728_3,1
728_4,0
728_5,4
728_6,1
728_7,1
728_8,1
728_9,0
729_0,9
729_1,8
729_2,7
729_3,6
729_4,0
729_5,0
729_6,1
729_7,1
729_8,1
729_9,0
730_0,9
730_1,8
730_2,6
730_3,2
730_4,2
730_5,1
730_6,0
730_7,0
730_8,1
730_9,0
731_0,7
731_1,7
731_2,3
731_3,0
731_4,1
731_5,1
731_6,3
731_7,1
731_8,0
731_9,0
732_0,2
732_1,8
732_2,2
732_3,5
732_4,5
732_5,0
732_6,1
732_7,1
732_8,1
732_9,0
733_0,7
733_1,0
733_2,3
733_3,1
733_4,3
733_5,1
733_6,0
733_7,0
733_8,0
733_9,0
734_0,3
734_1,0
734_2,1
734_3,4
734_4,5
734_5,1
734_6,3
734_7,2
734_8,0
734_9,0
735_0,9
735_1,7
735_2,7
735_3,3
735_4,1
735_5,1
735_6,1
735_7,1
735_8,1
735_9,0
736_0,9
736_1,4
736_2,3
736_3,3
736_4,0
736_5,3
736_6,0
736_7,0
736_8,0
736_9,0
737_0,0
737_1,7
737_2,1
737_3,0
737_4,3
737_5,0
737_6,0
737_7,1
737_8,0
737_9,0
738_0,1
738_1,3
738_2,4
738_3,0
738_4,0
738_5,3
738_6,3
738_7,1
738_8,1
738_9,0
739_0,6
739_1,3
739_2,5
739_3,0
739_4,0
739_5,2
739_6,1
739_7,0
739_8,0
739_9,0
740_0,9
740_1,5
740_2,3
740_3,4
740_4,0
740_5,4
740_6,0
740_7,2
740_8,0
740_9,0
741_0,5
741_1,8
741_2,7
741_3,5
741_4,5
741_5,0
741_6,0
741_7,0
741_8,1
741_9,0
742_0,4
742_1,3
742_2,4
742_3,1
742_4,0
742_5,4
742_6,1
742_7,2
742_8,0
742_9,0
743_0,4
743_1,6
743_2,5
743_3,6
743_4,5
743_5,4
743_6,0
743_7,1
743_8,1
743_9,0
744_0,0
744_1,3
744_2,0
744_3,4
744_4,1
744_5,0
744_6,0
744_7,0
744_8,1
744_9,0
745_0,0
745_1,5
745_2,7
745_3,5
745_4,5
745_5,2
745_6,2
745_7,0
745_8,1
745_9,0
746_0,5
746_1,8
746_2,4
746_3,0
746_4,1
746_5,2
746_6,2
746_7,1
746_8,1
746_9,0
747_0,5
747_1,7
747_2,0
747_3,1
747_4,3
747_5,2
747_6,1
747_7,0
747_8,0
747_9,0
748_0,8
748_1,7
748_2,7
748_3,0
748_4,3
748_5,2
748_6,0
748_7,0
748_8,1
748_9,0
749_0,9
749_1,8
749_2,7
749_3,6
749_4,5
749_5,1
749_6,1
749_7,1
749_8,1
749_9,0
750_0,2
750_1,4
750_2,6
750_3,6
750_4,0
750_5,0
750_6,2
750_7,0
750_8,0
750_9,0
751_0,9
751_1,4
751_2,3
751_3,1
751_4,0
751_5,4
751_6,3
751_7,2
751_8,0
751_9,0
752_0,9
752_1,0
752_2,7
752_3,5
752_4,0
752_5,3
752_6,1
752_7,2
752_8,1
752_9,0
753_0,8
753_1,0
753_2,6
753_3,1
753_4,0
753_5,0
753_6,3
753_7,2
753_8,1
753_9,0
754_0,7
754_1,5
754_2,0
754_3,4
754_4,0
754_5,0
754_6,0
754_7,0
754_8,0
754_9,0
755_0,8
755_1,8
755_2,7
755_3,5
755_4,5
755_5,4
755_6,3
755_7,1
755_8,0
755_9,0
756_0,6
756_1,8
756_2,2
756_3,0
756_4,0
756_5,1
756_6,0
756_7,1
756_8,1
756_9,0
757_0,7
757_1,0
757_2,7
757_3,1
757_4,0
757_5,0
757_6,1
757_7,2
757_8,1
757_9,0
758_0,7
758_1,0
758_2,1
758_3,6
758_4,4
758_5,0
758_6,0
758_7,0
758_8,1
758_9,0
759_0,8
759_1,6
759_2,7
759_3,2
759_4,3
759_5,1
759_6,1
759_7,1
759_8,1
759_9,0
760_0,0
760_1,5
760_2,5
760_3,5
760_4,0
760_5,2
760_6,2
760_7,2
760_8,0
760_9,0
761_0,9
761_1,5
761_2,7
761_3,0
761_4,0
761_5,0
761_6,2
761_7,0
761_8,1
761_9,0
762_0,2
762_1,0
762_2,4
762_3,3
762_4,5
762_5,0
762_6,0
762_7,1
762_8,0
762_9,0
763_0,3
763_1,7
763_2,1
763_3,6
763_4,2
763_5,0
763_6,2
763_7,0
763_8,0
763_9,0
764_0,9
764_1,5
764_2,5
764_3,1
764_4,3
764_5,0
764_6,3
764_7,1
764_8,0
764_9,0
765_0,7
765_1,3
765_2,1
765_3,6
765_4,4
765_5,0
765_6,1
765_7,0
765_8,0
765_9,0
766_0,5
766_1,8
766_2,7
766_3,6
766_4,0
766_5,0
766_6,1
766_7,2
766_8,1
766_9,0
767_0,3
767_1,8
767_2,7
767_3,0
767_4,2
767_5,1
767_6,2
767_7,0
767_8,0
767_9,0
768_0,5
768_1,6
768_2,2
768_3,2
768_4,5
768_5,3
768_6,1
768_7,0
768_8,1
768_9,0
769_0,1
769_1,0
769_2,1
769_3,6
769_4,5
769_5,0
769_6,3
769_7,2
769_8,1
769_9,0
770_0,7
770_1,0
770_2,6
770_3,2
770_4,2
770_5,0
770_6,0
770_7,2
770_8,1
770_9,0
771_0,0
771_1,7
771_2,0
771_3,5
771_4,5
771_5,1
771_6,3
771_7,1
771_8,0
771_9,0
772_0,0
772_1,1
772_2,1
772_3,0
772_4,4
772_5,1
772_6,0
772_7,1
772_8,0
772_9,0
773_0,0
773_1,1
773_2,5
773_3,6
773_4,1
773_5,0
773_6,0
773_7,0
773_8,1
773_9,0
774_0,6
774_1,0
774_2,2
774_3,2
774_4,0
774_5,2
774_6,0
774_7,0
774_8,0
774_9,0
775_0,1
775_1,3
775_2,7
775_3,4
775_4,4
775_5,0
775_6,1
775_7,2
775_8,1
775_9,0
776_0,6
776_1,0
776_2,3
776_3,2
776_4,1
776_5,0
776_6,0
776_7,0
776_8,1
776_9,0
777_0,4
777_1,2
777_2,7
777_3,0
777_4,2
777_5,1
777_6,2
777_7,0
777_8,1
777_9,0
778_0,9
778_1,5
778_2,5
778_3,6
778_4,0
778_5,0
778_6,0
778_7,1
778_8,1
778_9,0
779_0,9
779_1,8
779_2,7
779_3,2
779_4,2
779_5,3
779_6,2
779_7,2
779_8,0
779_9,0
780_0,3
780_1,0
780_2,5
780_3,5
780_4,5
780_5,0
780_6,1
780_7,1
780_8,1
780_9,0
781_0,9
781_1,2
781_2,5
781_3,5
781_4,4
781_5,0
781_6,1
781_7,1
781_8,0
781_9,0
782_0,6
782_1,1
782_2,1
782_3,5
782_4,0
782_5,1
782_6,1
782_7,2
782_8,1
782_9,0
783_0,4
783_1,8
783_2,0
783_3,2
783_4,1
783_5,0
783_6,2
783_7,2
783_8,1
783_9,0
784_0,9
784_1,4
784_2,1
784_3,4
784_4,3
784_5,0
784_6,3
784_7,1
784_8,0
784_9,0
785_0,9
785_1,2
785_2,0
785_3,1
785_4,0
785_5,4
785_6,0
785_7,1
785_8,1
785_9,0
786_0,0
786_1,0
786_2,2
786_3,1
786_4,1
786_5,2
786_6,0
786_7,0
786_8,0
786_9,0
787_0,9
787_1,5
787_2,2
787_3,2
787_4,1
787_5,2
787_6,3
787_7,2
787_8,0
787_9,0
788_0,3
788_1,0
788_2,7
788_3,0
788_4,1
788_5,1
788_6,1
788_7,1
788_8,0
788_9,0
789_0,9
789_1,8
789_2,2
789_3,6
789_4,0
789_5,3
789_6,3
789_7,1
789_8,1
789_9,0
790_0,0
790_1,8
790_2,4
790_3,3
790_4,3
790_5,0
790_6,2
790_7,2
790_8,1
790_9,0
791_0,0
791_1,2
791_2,0
791_3,0
791_4,2
791_5,3
791_6,1
791_7,0
791_8,0
791_9,0
792_0,3
792_1,8
792_2,3
792_3,3
792_4,5
792_5,0
792_6,2
792_7,0
792_8,1
792_9,0
793_0,3
793_1,0
793_2,2
793_3,1
793_4,5
793_5,0
793_6,2
793_7,1
793_8,0
793_9,0
794_0,9
794_1,8
794_2,7
794_3,6
794_4,1
794_5,1
794_6,1
794_7,2
794_8,0
794_9,0
795_0,0
795_1,2
795_2,1
795_3,0
795_4,5
795_5,4
795_6,0
795_7,0
795_8,1
795_9,0
796_0,9
796_1,1
796_2,0
796_3,0
796_4,0
796_5,4
796_6,0
796_7,1
796_8,1
796_9,0
797_0,4
797_1,5
797_2,7
797_3,6
797_4,4
797_5,1
797_6,3
797_7,1
797_8,1
797_9,0
798_0,0
798_1,6
798_2,7
798_3,3
798_4,5
798_5,4
798_6,3
798_7,1
798_8,1
798_9,0
799_0,8
799_1,2
799_2,3
799_3,4
799_4,4
799_5,0
799_6,0
799_7,0
799_8,1
799_9,0
800_0,8
800_1,1
800_2,3
800_3,4
800_4,0
800_5,0
800_6,2
800_7,0
800_8,0
800_9,0
801_0,7
801_1,8
801_2,6
801_3,6
801_4,5
801_5,4
801_6,2
801_7,1
801_8,0
801_9,0
802_0,8
802_1,1
802_2,2
802_3,6
802_4,5
802_5,0
802_6,3
802_7,0
802_8,0
802_9,0
803_0,5
803_1,1
803_2,0
803_3,3
803_4,0
803_5,0
803_6,0
803_7,1
803_8,0
803_9,0
804_0,7
804_1,6
804_2,3
804_3,1
804_4,5
804_5,0
804_6,2
804_7,0
804_8,0
804_9,0
805_0,9
805_1,6
805_2,7
805_3,5
805_4,1
805_5,3
805_6,1
805_7,2
805_8,0
805_9,0
806_0,8
806_1,8
806_2,6
806_3,4
806_4,1
806_5,1
806_6,2
806_7,0
806_8,1
806_9,0
807_0,9
807_1,7
807_2,0
807_3,2
807_4,0
807_5,0
807_6,0
807_7,2
807_8,1
807_9,0
808_0,7
808_1,8
808_2,7
808_3,6
808_4,1
808_5,1
808_6,0
808_7,0
808_8,0
808_9,0
809_0,8
809_1,8
809_2,7
809_3,6
809_4,5
809_5,0
809_6,1
809_7,1
809_8,1
809_9,0
810_0,9
810_1,7
810_2,0
810_3,0
810_4,1
810_5,1
810_6,3
810_7,2
810_8,0
810_9,0
811_0,0
811_1,4
811_2,7
811_3,0
811_4,0
811_5,0
811_6,1
811_7,2
811_8,0
811_9,0
812_0,8
812_1,8
812_2,3
812_3,4
812_4,0
812_5,0
812_6,2
812_7,1
812_8,1
812_9,0
813_0,9
813_1,1
813_2,0
813_3,2
813_4,2
813_5,2
813_6,2
813_7,0
813_8,0
813_9,0
814_0,9
814_1,0
814_2,2
814_3,0
814_4,3
814_5,0
814_6,1
814_7,1
814_8,1
814_9,0
815_0,6
815_1,7
815_2,6
815_3,6
815_4,2
815_5,1
815_6,0
815_7,2
815_8,0
815_9,0
816_0,9
816_1,8
816_2,5
816_3,3
816_4,1
816_5,1
816_6,1
816_7,1
816_8,1
816_9,0
817_0,8
817_1,8
817_2,5
817_3,1
817_4,0
817_5,3
817_6,2
817_7,1
817_8,0
817_9,0
818_0,0
818_1,7
818_2,1
818_3,0
818_4,3
818_5,0
818_6,1
818_7,0
818_8,1
818_9,0
819_0,2
819_1,6
819_2,4
819_3,3
819_4,0
819_5,0
819_6,0
819_7,1
819_8,0
819_9,0
820_0,6
820_1,8
820_2,6
820_3,1
820_4,1
820_5,1
820_6,1
820_7,2
820_8,1
820_9,0
821_0,5
821_1,6
821_2,4
821_3,4
821_4,5
821_5,2
821_6,3
821_7,1
821_8,1
821_9,0
822_0,9
822_1,2
822_2,1
822_3,1
822_4,0
822_5,3
822_6,3
822_7,2
822_8,0
822_9,0
823_0,2
823_1,0
823_2,3
823_3,0
823_4,1
823_5,0
823_6,1
823_7,0
823_8,0
823_9,0
824_0,9
824_1,7
824_2,7
824_3,6
824_4,5
824_5,2
824_6,3
824_7,1
824_8,0
824_9,0
825_0,8
825_1,7
825_2,3
825_3,4
825_4,4
825_5,1
825_6,1
825_7,0
825_8,1
825_9,0
826_0,3
826_1,2
826_2,0
826_3,5
826_4,3
826_5,0
826_6,2
826_7,1
826_8,0
826_9,0
827_0,5
827_1,7
827_2,0
827_3,2
827_4,2
827_5,0
827_6,0
827_7,0
827_8,1
827_9,0
828_0,5
828_1,8
828_2,5
828_3,6
828_4,5
828_5,4
828_6,3
828_7,2
828_8,0
828_9,0
829_0,6
829_1,1
829_2,6
829_3,5
829_4,0
829_5,1
829_6,0
829_7,1
829_8,0
829_9,0
830_0,6
830_1,0
830_2,1
830_3,1
830_4,4
830_5,2
830_6,1
830_7,0
830_8,0
830_9,0
831_0,0
831_1,3
831_2,7
831_3,6
831_4,5
831_5,3
831_6,0
831_7,0
831_8,0
831_9,0
832_0,7
832_1,8
832_2,3
832_3,1
832_4,3
832_5,2
832_6,2
832_7,0
832_8,1
832_9,0
833_0,8
833_1,0
833_2,6
833_3,0
833_4,1
833_5,0
833_6,3
833_7,2
833_8,1
833_9,0
834_0,4
834_1,4
834_2,4
834_3,0
834_4,3
834_5,2
834_6,0
834_7,1
834_8,1
834_9,0
835_0,9
835_1,8
835_2,6
835_3,6
835_4,2
835_5,2
835_6,1
835_7,1
835_8,0
835_9,0
836_0,8
836_1,0
836_2,5
836_3,6
836_4,1
836_5,0
836_6,0
836_7,1
836_8,0
836_9,0
837_0,3
837_1,7
837_2,3
837_3,5
837_4,1
837_5,0
837_6,3
837_7,1
837_8,1
837_9,0
838_0,3
838_1,3
838_2,6
838_3,0
838_4,1
838_5,4
838_6,0
838_7,1
838_8,1
838_9,0
839_0,9
839_1,7
839_2,7
839_3,5
839_4,3
839_5,1
839_6,3
839_7,0
839_8,1
839_9,0
840_0,8
840_1,8
840_2,2
840_3,5
840_4,0
840_5,4
840_6,1
840_7,1
840_8,0
840_9,0
841_0,1
841_1,7
841_2,6
841_3,5
841_4,5
841_5,0
841_6,0
841_7,0
841_8,1
841_9,0
842_0,9
842_1,1
842_2,0
842_3,1
842_4,3
842_5,0
842_6,2
842_7,2
842_8,0
842_9,0
843_0,9
843_1,0
843_2,6
843_3,0
843_4,5
843_5,2
843_6,0
843_7,1
843_8,0
843_9,0
844_0,9
844_1,4
844_2,4
844_3,5
844_4,4
844_5,0
844_6,0
844_7,0
844_8,1
844_9,0
845_0,3
845_1,6
845_2,6
845_3,2
845_4,4
845_5,0
845_6,1
845_7,2
845_8,0
845_9,0
846_0,3
846_1,2
846_2,3
846_3,1
846_4,0
846_5,1
846_6,2
846_7,1
846_8,0
846_9,0
847_0,9
847_1,6
847_2,0
847_3,6
847_4,0
847_5,3
847_6,0
847_7,2
847_8,0
847_9,0
848_0,9
848_1,6
848_2,4
848_3,6
848_4,4
848_5,3
848_6,0
848_7,1
848_8,0
848_9,0
849_0,9
849_1,4
849_2,0
849_3,1
849_4,0
849_5,4
849_6,0
849_7,1
849_8,1
849_9,0
850_0,3
850_1,7
850_2,7
850_3,5
850_4,4
850_5,3
850_6,0
850_7,0
850_8,0
850_9,0
851_0,9
851_1,3
851_2,1
851_3,0
851_4,3
851_5,1
851_6,0
851_7,1
851_8,1
851_9,0
852_0,9
852_1,6
852_2,6
852_3,6
852_4,4
852_5,4
852_6,1
852_7,1
852_8,1
852_9,0
853_0,9
853_1,5
853_2,1
853_3,6
853_4,2
853_5,0
853_6,2
853_7,0
853_8,0
853_9,0
854_0,3
854_1,8
854_2,1
854_3,2
854_4,0
854_5,1
854_6,0
854_7,2
854_8,1
854_9,0
855_0,5
855_1,8
855_2,7
855_3,2
855_4,1
855_5,2
855_6,2
855_7,0
855_8,1
855_9,0
856_0,7
856_1,0
856_2,4
856_3,6
856_4,2
856_5,0
856_6,1
856_7,0
856_8,0
856_9,0
857_0,8
857_1,6
857_2,7
857_3,3
857_4,4
857_5,0
857_6,0
857_7,0
857_8,1
857_9,0
858_0,1
858_1,2
858_2,7
858_3,5
858_4,3
858_5,0
858_6,3
858_7,1
858_8,1
858_9,0
859_0,0
859_1,5
859_2,5
859_3,6
859_4,5
859_5,0
859_6,2
859_7,2
859_8,0
859_9,0
860_0,7
860_1,7
860_2,7
860_3,4
860_4,3
860_5,1
860_6,1
860_7,1
860_8,1
860_9,0
861_0,9
861_1,5
861_2,7
861_3,0
861_4,4
861_5,0
861_6,0
861_7,2
861_8,1
861_9,0
862_0,9
862_1,0
862_2,3
862_3,1
862_4,2
862_5,0
862_6,0
862_7,2
862_8,0
862_9,0
863_0,9
863_1,2
863_2,0
863_3,1
863_4,0
863_5,0
863_6,2
863_7,0
863_8,1
863_9,0
864_0,9
864_1,7
864_2,7
864_3,4
864_4,3
864_5,1
864_6,1
864_7,0
864_8,1
864_9,0
865_0,0
865_1,2
865_2,7
865_3,5
865_4,5
865_5,0
865_6,0
865_7,0
865_8,1
865_9,0
866_0,9
866_1,8
866_2,3
866_3,1
866_4,2
866_5,0
866_6,2
866_7,1
866_8,1
866_9,0
867_0,9
867_1,8
867_2,7
867_3,2
867_4,0
867_5,0
867_6,2
867_7,2
867_8,1
867_9,0
868_0,0
868_1,3
868_2,3
868_3,1
868_4,0
868_5,0
868_6,1
868_7,2
868_8,0
868_9,0
869_0,9
869_1,5
869_2,4
869_3,0
869_4,1
869_5,1
869_6,1
869_7,1
869_8,0
869_9,0
870_0,0
870_1,8
870_2,4
870_3,3
870_4,2
870_5,0
870_6,0
870_7,1
870_8,0
870_9,0
871_0,4
871_1,5
871_2,1
871_3,3
871_4,1
871_5,4
871_6,3
871_7,0
871_8,1
871_9,0
872_0,0
872_1,0
872_2,6
872_3,1
872_4,1
872_5,0
872_6,0
872_7,1
872_8,0
872_9,0
873_0,6
873_1,8
873_2,7
873_3,6
873_4,2
873_5,2
873_6,2
873_7,2
873_8,0
873_9,0
874_0,5
874_1,6
874_2,5
874_3,5
874_4,5
874_5,2
874_6,1
874_7,2
874_8,0
874_9,0
875_0,6
875_1,5
875_2,7
875_3,2
875_4,5
875_5,2
875_6,2
875_7,0
875_8,1
875_9,0
876_0,0
876_1,4
876_2,3
876_3,4
876_4,5
876_5,2
876_6,0
876_7,0
876_8,0
876_9,0
877_0,0
877_1,6
877_2,2
877_3,2
877_4,1
877_5,0
877_6,1
877_7,0
877_8,1
877_9,0
878_0,6
878_1,8
878_2,2
878_3,6
878_4,4
878_5,0
878_6,0
878_7,0
878_8,0
878_9,0
879_0,9
879_1,2
879_2,3
879_3,0
879_4,0
879_5,2
879_6,2
879_7,2
879_8,0
879_9,0
880_0,9
880_1,2
880_2,1
880_3,0
880_4,1
880_5,1
880_6,0
880_7,0
880_8,1
880_9,0
881_0,0
881_1,0
881_2,0
881_3,0
881_4,2
881_5,0
881_6,2
881_7,0
881_8,1
881_9,0
882_0,7
882_1,0
882_2,7
882_3,6
882_4,1
882_5,0
882_6,1
882_7,0
882_8,1
882_9,0
883_0,7
883_1,8
883_2,7
883_3,6
883_4,5
883_5,0
883_6,1
883_7,1
883_8,1
883_9,0
884_0,8
884_1,0
884_2,0
884_3,1
884_4,1
884_5,0
884_6,0
884_7,0
884_8,1
884_9,0
885_0,1
885_1,2
885_2,6
885_3,5
885_4,0
885_5,0
885_6,0
885_7,2
885_8,0
885_9,0
886_0,5
886_1,6
886_2,5
886_3,4
886_4,3
886_5,2
886_6,2
886_7,2
886_8,0
886_9,0
887_0,8
887_1,4
887_2,2
887_3,6
887_4,0
887_5,2
887_6,1
887_7,1
887_8,0
887_9,0
888_0,6
888_1,6
888_2,7
888_3,5
888_4,1
888_5,2
888_6,2
888_7,0
888_8,1
888_9,0
889_0,8
889_1,5
889_2,0
889_3,0
889_4,1
889_5,0
889_6,3
889_7,2
889_8,1
889_9,0
890_0,9
890_1,8
890_2,5
890_3,6
890_4,0
890_5,0
890_6,3
890_7,0
890_8,0
890_9,0
891_0,2
891_1,5
891_2,5
891_3,6
891_4,4
891_5,0
891_6,0
891_7,2
891_8,0
891_9,0
892_0,4
892_1,0
892_2,4
892_3,2
892_4,1
892_5,0
892_6,2
892_7,0
892_8,1
892_9,0
893_0,7
893_1,7
893_2,6
893_3,5
893_4,0
893_5,0
893_6,3
893_7,0
893_8,0
893_9,0
894_0,4
894_1,4
894_2,2
894_3,2
894_4,0
894_5,0
894_6,0
894_7,0
894_8,1
894_9,0
895_0,3
895_1,8
895_2,7
895_3,6
895_4,0
895_5,0
895_6,0
895_7,2
895_8,1
895_9,0
896_0,0
896_1,0
896_2,0
896_3,1
896_4,0
896_5,2
896_6,3
896_7,2
896_8,0
896_9,0
897_0,9
897_1,8
897_2,2
897_3,2
897_4,1
897_5,1
897_6,3
897_7,0
897_8,1
897_9,0
898_0,9
898_1,2
898_2,2
898_3,3
898_4,0
898_5,0
898_6,2
898_7,0
898_8,1
898_9,0
899_0,9
899_1,8
899_2,7
899_3,6
899_4,4
899_5,2
899_6,3
899_7,2
899_8,0
899_9,0
900_0,9
900_1,3
900_2,5
900_3,0
900_4,1
900_5,2
900_6,1
900_7,0
900_8,0
900_9,0
901_0,9
901_1,4
901_2,6
901_3,5
901_4,1
901_5,1
901_6,1
901_7,1
901_8,1
901_9,0
902_0,8
902_1,2
902_2,1
902_3,5
902_4,2
902_5,4
902_6,1
902_7,1
902_8,1
902_9,0
903_0,7
903_1,6
903_2,3
903_3,0
903_4,1
903_5,3
903_6,0
903_7,2
903_8,0
903_9,0
904_0,3
904_1,3
904_2,6
904_3,6
904_4,3
904_5,0
904_6,3
904_7,1
904_8,0
904_9,0
905_0,9
905_1,8
905_2,5
905_3,5
905_4,5
905_5,0
905_6,1
905_7,1
905_8,1
905_9,0
906_0,9
906_1,8
906_2,3
906_3,0
906_4,1
906_5,2
906_6,1
906_7,0
906_8,1
906_9,0
907_0,2
907_1,8
907_2,7
907_3,2
907_4,3
907_5,0
907_6,3
907_7,1
907_8,1
907_9,0
908_0,9
908_1,8
908_2,7
908_3,5
908_4,4
908_5,2
908_6,3
908_7,0
908_8,1
908_9,0
909_0,0
909_1,5
909_2,7
909_3,6
909_4,4
909_5,0
909_6,0
909_7,0
909_8,1
909_9,0
910_0,2
910_1,4
910_2,2
910_3,2
910_4,4
910_5,0
910_6,1
910_7,1
910_8,0
910_9,0
911_0,8
911_1,6
911_2,7
911_3,6
911_4,5
911_5,2
911_6,1
911_7,1
911_8,0
911_9,0
912_0,9
912_1,2
912_2,0
912_3,5
912_4,2
912_5,1
912_6,0
912_7,2
912_8,0
912_9,0
913_0,8
913_1,7
913_2,1
913_3,2
913_4,2
913_5,3
913_6,0
913_7,2
913_8,1
913_9,0
914_0,9
914_1,8
914_2,3
914_3,3
914_4,0
914_5,0
914_6,2
914_7,0
914_8,0
914_9,0
915_0,0
915_1,1
915_2,3
915_3,5
915_4,0
915_5,0
915_6,1
915_7,2
915_8,0
915_9,0
916_0,0
916_1,0
916_2,5
916_3,4
916_4,5
916_5,3
916_6,0
916_7,0
916_8,1
916_9,0
917_0,9
917_1,0
917_2,7
917_3,0
917_4,0
917_5,1
917_6,0
917_7,1
917_8,1
917_9,0
918_0,8
918_1,6
918_2,0
918_3,6
918_4,2
918_5,4
918_6,2
918_7,0
918_8,0
918_9,0
919_0,6
919_1,8
919_2,3
919_3,4
919_4,1
919_5,1
919_6,2
919_7,1
919_8,1
919_9,0
920_0,1
920_1,8
920_2,0
920_3,1
920_4,4
920_5,1
920_6,0
920_7,1
920_8,0
920_9,0
921_0,9
921_1,8
921_2,6
921_3,2
921_4,3
921_5,1
921_6,3
921_7,2
921_8,0
921_9,0
922_0,7
922_1,5
922_2,0
922_3,2
922_4,4
922_5,1
922_6,2
922_7,0
922_8,1
922_9,0
923_0,5
923_1,6
923_2,7
923_3,4
923_4,3
923_5,3
923_6,3
923_7,1
923_8,1
923_9,0
924_0,9
924_1,4
924_2,6
924_3,1
924_4,5
924_5,0
924_6,1
924_7,0
924_8,0
924_9,0
925_0,8
925_1,2
925_2,3
925_3,1
925_4,4
925_5,4
925_6,3
925_7,2
925_8,0
925_9,0
926_0,3
926_1,8
926_2,1
926_3,2
926_4,0
926_5,2
926_6,0
926_7,2
926_8,1
926_9,0
927_0,9
927_1,3
927_2,1
927_3,3
927_4,3
927_5,0
927_6,3
927_7,1
927_8,0
927_9,0
928_0,0
928_1,8
928_2,2
928_3,1
928_4,0
928_5,0
928_6,3
928_7,0
928_8,0
928_9,0
929_0,9
929_1,8
929_2,7
929_3,4
929_4,2
929_5,2
929_6,3
929_7,2
929_8,0
929_9,0
930_0,4
930_1,0
930_2,7
930_3,6
930_4,3
930_5,0
930_6,2
930_7,1
930_8,1
930_9,0
931_0,4
931_1,2
931_2,0
931_3,0
931_4,3
931_5,3
931_6,1
931_7,2
931_8,1
931_9,0
932_0,5
932_1,4
932_2,2
932_3,1
932_4,2
932_5,3
932_6,2
932_7,0
932_8,0
932_9,0
933_0,9
933_1,8
933_2,2
933_3,2
933_4,2
933_5,0
933_6,1
933_7,0
933_8,0
933_9,0
934_0,5
934_1,1
934_2,0
934_3,0
934_4,1
934_5,1
934_6,0
934_7,1
934_8,0
934_9,0
935_0,5
935_1,7
935_2,7
935_3,6
935_4,0
935_5,0
935_6,3
935_7,0
935_8,0
935_9,0
936_0,8
936_1,6
936_2,7
936_3,5
936_4,1
936_5,2
936_6,1
936_7,2
936_8,0
936_9,0
937_0,8
937_1,8
937_2,2
937_3,0
937_4,1
937_5,4
937_6,1
937_7,0
937_8,0
937_9,0
938_0,9
938_1,1
938_2,4
938_3,2
938_4,4
938_5,1
938_6,3
938_7,2
938_8,1
938_9,0
939_0,7
939_1,5
939_2,4
939_3,0
939_4,0
939_5,0
939_6,2
939_7,2
939_8,0
939_9,0
940_0,8
940_1,6
940_2,4
940_3,6
940_4,0
940_5,0
940_6,0
940_7,2
940_8,1
940_9,0
941_0,4
941_1,4
941_2,0
941_3,0
941_4,5
941_5,2
941_6,0
941_7,1
941_8,0
941_9,0
942_0,0
942_1,3
942_2,3
942_3,0
942_4,1
942_5,0
942_6,1
942_7,0
942_8,0
942_9,0
943_0,5
943_1,4
943_2,1
943_3,6
943_4,1
943_5,4
943_6,3
943_7,2
943_8,0
943_9,0
944_0,9
944_1,1
944_2,3
944_3,0
944_4,0
944_5,2
944_6,0
944_7,2
944_8,1
944_9,0
945_0,6
945_1,0
945_2,6
945_3,0
945_4,2
945_5,2
945_6,0
945_7,0
945_8,1
945_9,0
946_0,9
946_1,8
946_2,5
946_3,2
946_4,3
946_5,1
946_6,1
946_7,1
946_8,1
946_9,0
947_0,3
947_1,2
947_2,2
947_3,4
947_4,0
947_5,2
947_6,1
947_7,2
947_8,0
947_9,0
948_0,0
948_1,2
948_2,4
948_3,3
948_4,2
948_5,1
948_6,0
948_7,1
948_8,0
948_9,0
949_0,9
949_1,3
949_2,2
949_3,0
949_4,4
949_5,3
949_6,3
949_7,0
949_8,0
949_9,0
950_0,0
950_1,2
950_2,1
950_3,0
950_4,3
950_5,0
950_6,2
950_7,1
950_8,0
950_9,0
951_0,8
951_1,7
951_2,2
951_3,0
951_4,1
951_5,0
951_6,2
951_7,0
951_8,1
951_9,0
952_0,9
952_1,7
952_2,0
952_3,2
952_4,0
952_5,0
952_6,0
952_7,0
952_8,0
952_9,0
953_0,8
953_1,7
953_2,6
953_3,6
953_4,2
953_5,4
953_6,1
953_7,2
953_8,0
953_9,0
954_0,3
954_1,0
954_2,5
954_3,3
954_4,0
954_5,0
954_6,2
954_7,2
954_8,0
954_9,0
955_0,0
955_1,2
955_2,6
955_3,1
955_4,0
955_5,1
955_6,0
955_7,0
955_8,0
955_9,0
956_0,6
956_1,6
956_2,6
956_3,6
956_4,5
956_5,0
956_6,0
956_7,1
956_8,1
956_9,0
957_0,9
957_1,4
957_2,0
957_3,3
957_4,1
957_5,0
957_6,0
957_7,1
957_8,1
957_9,0
958_0,3
958_1,8
958_2,7
958_3,5
958_4,0
958_5,1
958_6,0
958_7,1
958_8,0
958_9,0
959_0,2
959_1,0
959_2,1
959_3,3
959_4,4
959_5,1
959_6,0
959_7,0
959_8,0
959_9,0
960_0,7
960_1,5
960_2,1
960_3,0
960_4,0
960_5,0
960_6,1
960_7,0
960_8,0
960_9,0
961_0,0
961_1,1
961_2,6
961_3,5
961_4,5
961_5,0
961_6,0
961_7,0
961_8,1
961_9,0
962_0,0
962_1,1
962_2,0
962_3,2
962_4,3
962_5,3
962_6,0
962_7,2
962_8,1
962_9,0
963_0,5
963_1,0
963_2,2
963_3,1
963_4,3
963_5,1
963_6,0
963_7,1
963_8,0
963_9,0
964_0,0
964_1,0
964_2,2
964_3,0
964_4,2
964_5,0
964_6,1
964_7,1
964_8,0
964_9,0
965_0,7
965_1,6
965_2,7
965_3,0
965_4,4
965_5,2
965_6,1
965_7,0
965_8,0
965_9,0
966_0,9
966_1,4
966_2,4
966_3,4
966_4,4
966_5,0
966_6,1
966_7,1
966_8,1
966_9,0
967_0,9
967_1,6
967_2,7
967_3,4
967_4,4
967_5,3
967_6,1
967_7,2
967_8,0
967_9,0
968_0,0
968_1,4
968_2,7
968_3,6
968_4,4
968_5,3
968_6,3
968_7,0
968_8,0
968_9,0
969_0,0
969_1,4
969_2,0
969_3,1
969_4,1
969_5,1
969_6,0
969_7,2
969_8,0
969_9,0
970_0,8
970_1,0
970_2,5
970_3,5
970_4,0
970_5,0
970_6,2
970_7,2
970_8,0
970_9,0
971_0,6
971_1,0
971_2,0
971_3,1
971_4,0
971_5,1
971_6,1
971_7,0
971_8,0
971_9,0
972_0,1
972_1,8
972_2,2
972_3,5
972_4,4
972_5,4
972_6,1
972_7,0
972_8,0
972_9,0
973_0,0
973_1,7
973_2,6
973_3,4
973_4,4
973_5,2
973_6,2
973_7,0
973_8,0
973_9,0
974_0,6
974_1,6
974_2,7
974_3,6
974_4,0
974_5,1
974_6,1
974_7,1
974_8,1
974_9,0
975_0,6
975_1,1
975_2,3
975_3,3
975_4,1
975_5,0
975_6,3
975_7,2
975_8,1
975_9,0
976_0,8
976_1,8
976_2,5
976_3,3
976_4,0
976_5,0
976_6,0
976_7,1
976_8,1
976_9,0
977_0,1
977_1,1
977_2,2
977_3,6
977_4,5
977_5,3
977_6,0
977_7,2
977_8,0
977_9,0
978_0,5
978_1,3
978_2,0
978_3,0
978_4,1
978_5,0
978_6,0
978_7,0
978_8,1
978_9,0
979_0,9
979_1,8
979_2,0
979_3,6
979_4,3
979_5,0
979_6,3
979_7,2
979_8,0
979_9,0
980_0,4
980_1,1
980_2,0
980_3,3
980_4,0
980_5,2
980_6,2
980_7,0
980_8,1
980_9,0
981_0,5
981_1,8
981_2,3
981_3,0
981_4,0
981_5,4
981_6,0
981_7,0
981_8,0
981_9,0
982_0,6
982_1,6
982_2,5
982_3,4
982_4,1
982_5,2
982_6,0
982_7,0
982_8,1
982_9,0
983_0,5
983_1,1
983_2,7
983_3,3
983_4,1
983_5,0
983_6,3
983_7,1
983_8,0
983_9,0
984_0,6
984_1,1
984_2,5
984_3,6
984_4,0
984_5,3
984_6,3
984_7,0
984_8,0
984_9,0
985_0,9
985_1,6
985_2,5
985_3,4
985_4,4
985_5,0
985_6,0
985_7,0
985_8,0
985_9,0
986_0,6
986_1,8
986_2,4
986_3,3
986_4,2
986_5,0
986_6,2
986_7,2
986_8,1
986_9,0
987_0,9
987_1,7
987_2,0
987_3,0
987_4,2
987_5,0
987_6,0
987_7,0
987_8,0
987_9,0
988_0,2
988_1,7
988_2,7
988_3,3
988_4,3
988_5,0
988_6,3
988_7,0
988_8,0
988_9,0
989_0,2
989_1,0
989_2,6
989_3,5
989_4,2
989_5,0
989_6,1
989_7,0
989_8,1
989_9,0
990_0,5
990_1,8
990_2,3
990_3,2
990_4,0
990_5,0
990_6,2
990_7,2
990_8,0
990_9,0
991_0,8
991_1,0
991_2,5
991_3,2
991_4,1
991_5,1
991_6,1
991_7,1
991_8,1
991_9,0
992_0,9
992_1,5
992_2,5
992_3,6
992_4,0
992_5,0
992_6,1
992_7,2
992_8,1
992_9,0
993_0,4
993_1,3
993_2,5
993_3,0
993_4,3
993_5,3
993_6,3
993_7,0
993_8,0
993_9,0
994_0,5
994_1,0
994_2,4
994_3,0
994_4,0
994_5,0
994_6,0
994_7,0
994_8,1
994_9,0
995_0,0
995_1,3
995_2,3
995_3,3
995_4,1
995_5,0
995_6,0
995_7,1
995_8,0
995_9,0
996_0,5
996_1,8
996_2,5
996_3,5
996_4,0
996_5,0
996_6,0
996_7,0
996_8,0
996_9,0
997_0,9
997_1,0
997_2,2
997_3,0
997_4,3
997_5,1
997_6,0
997_7,0
997_8,1
997_9,0
998_0,1
998_1,1
998_2,0
998_3,6
998_4,5
998_5,1
998_6,1
998_7,0
998_8,1
998_9,0
999_0,4
999_1,0
999_2,6
999_3,0
999_4,3
999_5,2
999_6,0
999_7,0
999_8,1
999_9,0
